id,split
llama-Enjoyment-0000,train
llama-Enjoyment-0001,test
llama-Enjoyment-0002,train
llama-Enjoyment-0003,test
llama-Enjoyment-0004,train
llama-Enjoyment-0005,train
llama-Enjoyment-0006,train
llama-Enjoyment-0007,validation
llama-Enjoyment-0008,test
llama-Enjoyment-0009,train
llama-Enjoyment-0010,train
llama-Enjoyment-0011,train
llama-Enjoyment-0012,train
llama-Enjoyment-0013,test
llama-Enjoyment-0014,test
llama-Enjoyment-0015,train
llama-Enjoyment-0016,train
llama-Enjoyment-0017,test
llama-Enjoyment-0018,train
llama-Enjoyment-0019,train
llama-Enjoyment-0020,test
llama-Enjoyment-0021,validation
llama-Enjoyment-0022,train
llama-Enjoyment-0023,train
llama-Enjoyment-0024,train
llama-Enjoyment-0025,train
llama-Enjoyment-0027,train
llama-Enjoyment-0028,train
llama-Enjoyment-0029,train
llama-Enjoyment-0030,train
llama-Enjoyment-0031,train
llama-Enjoyment-0032,train
llama-Enjoyment-0033,train
llama-Enjoyment-0034,train
llama-Enjoyment-0035,test
llama-Enjoyment-0036,train
llama-Enjoyment-0037,train
llama-Enjoyment-0038,validation
llama-Enjoyment-0039,train
llama-Enjoyment-0040,train
llama-Enjoyment-0041,train
llama-Enjoyment-0042,train
llama-Enjoyment-0043,train
llama-Enjoyment-0044,train
llama-Enjoyment-0045,train
llama-Enjoyment-0046,train
llama-Enjoyment-0048,train
llama-Enjoyment-0049,train
llama-Enjoyment-0050,test
llama-Enjoyment-0051,test
llama-Enjoyment-0052,validation
llama-Enjoyment-0053,train
llama-Enjoyment-0054,validation
llama-Enjoyment-0055,test
llama-Enjoyment-0056,validation
llama-Enjoyment-0057,train
llama-Enjoyment-0058,train
llama-Enjoyment-0059,test
llama-Enjoyment-0060,validation
llama-Enjoyment-0061,test
llama-Enjoyment-0062,train
llama-Enjoyment-0063,train
llama-Enjoyment-0064,train
llama-Enjoyment-0065,validation
llama-Enjoyment-0066,train
llama-Enjoyment-0067,train
llama-Enjoyment-0068,train
llama-Enjoyment-0069,train
llama-Enjoyment-0070,train
llama-Enjoyment-0071,train
llama-Enjoyment-0072,train
llama-Enjoyment-0073,train
llama-Enjoyment-0074,validation
llama-Enjoyment-0075,train
llama-Enjoyment-0076,test
llama-Enjoyment-0077,train
llama-Enjoyment-0078,train
llama-Enjoyment-0079,train
llama-Enjoyment-0080,train
llama-Enjoyment-0081,train
llama-Enjoyment-0082,validation
llama-Enjoyment-0083,train
llama-Enjoyment-0084,train
llama-Enjoyment-0085,validation
llama-Enjoyment-0086,train
llama-Enjoyment-0087,train
llama-Enjoyment-0088,train
llama-Enjoyment-0089,test
llama-Enjoyment-0090,validation
llama-Enjoyment-0091,test
llama-Enjoyment-0092,train
llama-Enjoyment-0093,test
llama-Enjoyment-0094,train
llama-Enjoyment-0095,train
llama-Enjoyment-0096,train
llama-Enjoyment-0097,train
llama-Enjoyment-0098,train
llama-Enjoyment-0099,train
llama-Enjoyment-0100,train
llama-Enjoyment-0101,validation
llama-Enjoyment-0102,train
llama-Enjoyment-0103,train
llama-Enjoyment-0104,test
llama-Enjoyment-0105,test
llama-Enjoyment-0107,train
llama-Enjoyment-0108,validation
llama-Enjoyment-0109,train
llama-Enjoyment-0110,test
llama-Enjoyment-0111,train
llama-Enjoyment-0112,train
llama-Enjoyment-0113,validation
llama-Enjoyment-0114,train
llama-Enjoyment-0115,train
llama-Enjoyment-0116,train
llama-Enjoyment-0117,train
llama-Enjoyment-0118,train
llama-Enjoyment-0119,validation
llama-Enjoyment-0120,train
llama-Enjoyment-0121,train
llama-Enjoyment-0122,train
llama-Enjoyment-0123,train
llama-Enjoyment-0124,test
llama-Enjoyment-0125,train
llama-Enjoyment-0126,train
llama-Enjoyment-0127,train
llama-Enjoyment-0128,train
llama-Enjoyment-0129,train
llama-Enjoyment-0130,train
llama-Enjoyment-0131,train
llama-Enjoyment-0132,validation
llama-Enjoyment-0133,validation
llama-Enjoyment-0134,test
llama-Enjoyment-0135,train
llama-Enjoyment-0136,test
llama-Enjoyment-0137,validation
llama-Enjoyment-0138,train
llama-Enjoyment-0140,train
llama-Enjoyment-0141,train
llama-Enjoyment-0142,train
llama-Enjoyment-0143,train
llama-Enjoyment-0144,train
llama-Enjoyment-0145,train
llama-Enjoyment-0146,train
llama-Enjoyment-0147,train
llama-Enjoyment-0148,train
llama-Enjoyment-0149,train
llama-Enjoyment-0150,train
llama-Enjoyment-0151,train
llama-Enjoyment-0152,train
llama-Enjoyment-0153,validation
llama-Enjoyment-0155,train
llama-Enjoyment-0156,test
llama-Enjoyment-0157,train
llama-Enjoyment-0158,train
llama-Enjoyment-0159,train
llama-Enjoyment-0160,train
llama-Enjoyment-0161,train
llama-Enjoyment-0162,validation
llama-Enjoyment-0163,validation
llama-Enjoyment-0164,train
llama-Enjoyment-0165,test
llama-Enjoyment-0166,train
llama-Enjoyment-0167,train
llama-Enjoyment-0168,train
llama-Enjoyment-0169,train
llama-Enjoyment-0170,train
llama-Enjoyment-0171,train
llama-Enjoyment-0172,train
llama-Enjoyment-0173,validation
llama-Enjoyment-0174,validation
llama-Enjoyment-0175,train
llama-Enjoyment-0176,train
llama-Enjoyment-0177,train
llama-Enjoyment-0178,test
llama-Enjoyment-0179,train
llama-Enjoyment-0180,train
llama-Enjoyment-0181,train
llama-Enjoyment-0182,test
llama-Enjoyment-0183,test
llama-Enjoyment-0184,train
llama-Enjoyment-0185,train
llama-Enjoyment-0186,train
llama-Enjoyment-0188,validation
llama-Enjoyment-0189,test
llama-Enjoyment-0190,train
llama-Enjoyment-0191,test
llama-Enjoyment-0192,train
llama-Enjoyment-0193,validation
llama-Enjoyment-0194,validation
llama-Enjoyment-0195,train
llama-Enjoyment-0196,validation
llama-Enjoyment-0197,train
llama-Enjoyment-0198,train
llama-Enjoyment-0199,train
llama-Sadness-0000,validation
llama-Sadness-0001,train
llama-Sadness-0002,train
llama-Sadness-0003,train
llama-Sadness-0004,train
llama-Sadness-0005,train
llama-Sadness-0006,train
llama-Sadness-0007,train
llama-Sadness-0008,train
llama-Sadness-0009,test
llama-Sadness-0010,train
llama-Sadness-0011,train
llama-Sadness-0012,validation
llama-Sadness-0013,train
llama-Sadness-0014,train
llama-Sadness-0015,validation
llama-Sadness-0016,train
llama-Sadness-0017,train
llama-Sadness-0018,test
llama-Sadness-0019,train
llama-Sadness-0020,train
llama-Sadness-0021,validation
llama-Sadness-0023,validation
llama-Sadness-0024,train
llama-Sadness-0025,train
llama-Sadness-0027,train
llama-Sadness-0028,train
llama-Sadness-0029,train
llama-Sadness-0030,validation
llama-Sadness-0031,train
llama-Sadness-0032,train
llama-Sadness-0033,train
llama-Sadness-0034,test
llama-Sadness-0035,test
llama-Sadness-0036,train
llama-Sadness-0037,train
llama-Sadness-0038,train
llama-Sadness-0039,train
llama-Sadness-0041,test
llama-Sadness-0042,train
llama-Sadness-0043,train
llama-Sadness-0044,train
llama-Sadness-0045,train
llama-Sadness-0046,train
llama-Sadness-0047,train
llama-Sadness-0048,train
llama-Sadness-0049,validation
llama-Sadness-0050,validation
llama-Sadness-0051,train
llama-Sadness-0052,train
llama-Sadness-0053,train
llama-Sadness-0054,validation
llama-Sadness-0055,train
llama-Sadness-0056,train
llama-Sadness-0057,test
llama-Sadness-0058,train
llama-Sadness-0059,train
llama-Sadness-0060,test
llama-Sadness-0061,train
llama-Sadness-0062,train
llama-Sadness-0063,train
llama-Sadness-0064,test
llama-Sadness-0065,test
llama-Sadness-0066,train
llama-Sadness-0067,train
llama-Sadness-0068,train
llama-Sadness-0069,train
llama-Sadness-0070,train
llama-Sadness-0071,test
llama-Sadness-0072,train
llama-Sadness-0073,train
llama-Sadness-0074,train
llama-Sadness-0075,train
llama-Sadness-0076,train
llama-Sadness-0077,train
llama-Sadness-0078,validation
llama-Sadness-0079,train
llama-Sadness-0080,train
llama-Sadness-0081,train
llama-Sadness-0082,train
llama-Sadness-0083,train
llama-Sadness-0084,train
llama-Sadness-0085,train
llama-Sadness-0086,train
llama-Sadness-0087,test
llama-Sadness-0088,validation
llama-Sadness-0089,train
llama-Sadness-0090,train
llama-Sadness-0091,validation
llama-Sadness-0092,test
llama-Sadness-0093,train
llama-Sadness-0094,test
llama-Sadness-0095,validation
llama-Sadness-0096,test
llama-Sadness-0097,train
llama-Sadness-0098,validation
llama-Sadness-0099,train
llama-Sadness-0100,train
llama-Sadness-0101,validation
llama-Sadness-0102,validation
llama-Sadness-0103,validation
llama-Sadness-0104,train
llama-Sadness-0105,train
llama-Sadness-0106,train
llama-Sadness-0107,train
llama-Sadness-0108,test
llama-Sadness-0109,train
llama-Sadness-0110,train
llama-Sadness-0111,train
llama-Sadness-0112,train
llama-Sadness-0113,train
llama-Sadness-0114,train
llama-Sadness-0115,train
llama-Sadness-0116,validation
llama-Sadness-0118,train
llama-Sadness-0119,train
llama-Sadness-0120,test
llama-Sadness-0121,validation
llama-Sadness-0122,train
llama-Sadness-0123,test
llama-Sadness-0124,train
llama-Sadness-0125,validation
llama-Sadness-0126,train
llama-Sadness-0127,test
llama-Sadness-0128,train
llama-Sadness-0129,validation
llama-Sadness-0130,validation
llama-Sadness-0131,train
llama-Sadness-0132,test
llama-Sadness-0133,train
llama-Sadness-0134,train
llama-Sadness-0135,train
llama-Sadness-0136,train
llama-Sadness-0137,train
llama-Sadness-0138,train
llama-Sadness-0139,train
llama-Sadness-0140,validation
llama-Sadness-0141,train
llama-Sadness-0142,train
llama-Sadness-0143,validation
llama-Sadness-0144,train
llama-Sadness-0145,train
llama-Sadness-0146,train
llama-Sadness-0147,validation
llama-Sadness-0148,test
llama-Sadness-0149,train
llama-Sadness-0150,validation
llama-Sadness-0151,train
llama-Sadness-0152,train
llama-Sadness-0154,train
llama-Sadness-0155,validation
llama-Sadness-0156,train
llama-Sadness-0157,train
llama-Sadness-0158,test
llama-Sadness-0159,test
llama-Sadness-0160,train
llama-Sadness-0161,train
llama-Sadness-0162,test
llama-Sadness-0163,validation
llama-Sadness-0164,train
llama-Sadness-0165,train
llama-Sadness-0166,train
llama-Sadness-0167,train
llama-Sadness-0168,train
llama-Sadness-0169,train
llama-Sadness-0170,train
llama-Sadness-0172,train
llama-Sadness-0173,test
llama-Sadness-0174,train
llama-Sadness-0175,train
llama-Sadness-0176,train
llama-Sadness-0177,test
llama-Sadness-0178,train
llama-Sadness-0179,train
llama-Sadness-0180,train
llama-Sadness-0181,test
llama-Sadness-0182,train
llama-Sadness-0183,test
llama-Sadness-0184,train
llama-Sadness-0185,validation
llama-Sadness-0186,train
llama-Sadness-0187,train
llama-Sadness-0188,train
llama-Sadness-0189,train
llama-Sadness-0190,test
llama-Sadness-0191,train
llama-Sadness-0192,train
llama-Sadness-0193,train
llama-Sadness-0194,train
llama-Sadness-0195,train
llama-Sadness-0196,train
llama-Sadness-0197,test
llama-Sadness-0198,train
llama-Sadness-0199,validation
llama-Anger-0001,validation
llama-Anger-0002,train
llama-Anger-0003,validation
llama-Anger-0004,train
llama-Anger-0005,validation
llama-Anger-0006,train
llama-Anger-0007,validation
llama-Anger-0008,validation
llama-Anger-0009,train
llama-Anger-0010,train
llama-Anger-0011,train
llama-Anger-0012,test
llama-Anger-0013,train
llama-Anger-0014,validation
llama-Anger-0015,train
llama-Anger-0016,train
llama-Anger-0017,train
llama-Anger-0018,train
llama-Anger-0019,train
llama-Anger-0020,train
llama-Anger-0021,test
llama-Anger-0022,test
llama-Anger-0023,train
llama-Anger-0024,train
llama-Anger-0025,train
llama-Anger-0026,validation
llama-Anger-0027,train
llama-Anger-0028,validation
llama-Anger-0029,train
llama-Anger-0030,train
llama-Anger-0031,train
llama-Anger-0032,train
llama-Anger-0033,train
llama-Anger-0034,test
llama-Anger-0038,train
llama-Anger-0039,validation
llama-Anger-0040,train
llama-Anger-0041,train
llama-Anger-0042,train
llama-Anger-0043,train
llama-Anger-0044,train
llama-Anger-0045,train
llama-Anger-0046,train
llama-Anger-0047,train
llama-Anger-0048,test
llama-Anger-0049,test
llama-Anger-0050,validation
llama-Anger-0051,test
llama-Anger-0052,train
llama-Anger-0053,train
llama-Anger-0054,test
llama-Anger-0055,train
llama-Anger-0056,train
llama-Anger-0057,train
llama-Anger-0058,train
llama-Anger-0059,test
llama-Anger-0060,train
llama-Anger-0061,train
llama-Anger-0062,train
llama-Anger-0063,train
llama-Anger-0065,validation
llama-Anger-0066,train
llama-Anger-0068,validation
llama-Anger-0069,train
llama-Anger-0070,train
llama-Anger-0072,train
llama-Anger-0074,train
llama-Anger-0075,train
llama-Anger-0076,train
llama-Anger-0077,test
llama-Anger-0078,train
llama-Anger-0079,train
llama-Anger-0081,validation
llama-Anger-0083,train
llama-Anger-0085,train
llama-Anger-0086,train
llama-Anger-0087,train
llama-Anger-0088,validation
llama-Anger-0089,train
llama-Anger-0090,train
llama-Anger-0091,test
llama-Anger-0092,train
llama-Anger-0093,train
llama-Anger-0094,train
llama-Anger-0096,train
llama-Anger-0097,train
llama-Anger-0098,train
llama-Anger-0099,train
llama-Anger-0101,train
llama-Anger-0102,test
llama-Anger-0103,train
llama-Anger-0104,test
llama-Anger-0105,test
llama-Anger-0106,test
llama-Anger-0107,train
llama-Anger-0108,train
llama-Anger-0109,train
llama-Anger-0110,train
llama-Anger-0111,test
llama-Anger-0112,train
llama-Anger-0113,train
llama-Anger-0114,train
llama-Anger-0115,train
llama-Anger-0117,train
llama-Anger-0118,train
llama-Anger-0119,train
llama-Anger-0120,test
llama-Anger-0121,train
llama-Anger-0123,validation
llama-Anger-0124,train
llama-Anger-0125,validation
llama-Anger-0126,train
llama-Anger-0128,validation
llama-Anger-0129,train
llama-Anger-0130,validation
llama-Anger-0131,train
llama-Anger-0132,train
llama-Anger-0133,train
llama-Anger-0134,train
llama-Anger-0135,train
llama-Anger-0136,test
llama-Anger-0137,validation
llama-Anger-0138,train
llama-Anger-0139,train
llama-Anger-0140,train
llama-Anger-0141,train
llama-Anger-0143,validation
llama-Anger-0144,train
llama-Anger-0145,train
llama-Anger-0146,test
llama-Anger-0147,train
llama-Anger-0148,train
llama-Anger-0149,validation
llama-Anger-0150,train
llama-Anger-0151,validation
llama-Anger-0152,validation
llama-Anger-0153,train
llama-Anger-0154,train
llama-Anger-0155,train
llama-Anger-0156,train
llama-Anger-0157,train
llama-Anger-0158,train
llama-Anger-0159,train
llama-Anger-0160,train
llama-Anger-0161,train
llama-Anger-0162,train
llama-Anger-0163,validation
llama-Anger-0164,train
llama-Anger-0165,validation
llama-Anger-0166,train
llama-Anger-0167,test
llama-Anger-0168,train
llama-Anger-0169,test
llama-Anger-0170,test
llama-Anger-0171,test
llama-Anger-0172,train
llama-Anger-0173,train
llama-Anger-0174,test
llama-Anger-0175,train
llama-Anger-0176,validation
llama-Anger-0179,train
llama-Anger-0180,train
llama-Anger-0181,train
llama-Anger-0182,test
llama-Anger-0183,train
llama-Anger-0184,train
llama-Anger-0185,train
llama-Anger-0186,test
llama-Anger-0187,train
llama-Anger-0188,train
llama-Anger-0189,train
llama-Anger-0191,train
llama-Anger-0192,train
llama-Anger-0193,train
llama-Anger-0195,test
llama-Anger-0196,train
llama-Anger-0198,train
llama-Fear-0000,test
llama-Fear-0001,train
llama-Fear-0002,train
llama-Fear-0003,train
llama-Fear-0004,train
llama-Fear-0005,train
llama-Fear-0006,train
llama-Fear-0007,validation
llama-Fear-0008,train
llama-Fear-0009,validation
llama-Fear-0010,train
llama-Fear-0011,train
llama-Fear-0012,train
llama-Fear-0013,train
llama-Fear-0014,train
llama-Fear-0015,train
llama-Fear-0016,validation
llama-Fear-0017,validation
llama-Fear-0018,test
llama-Fear-0019,train
llama-Fear-0020,train
llama-Fear-0021,train
llama-Fear-0022,train
llama-Fear-0024,train
llama-Fear-0025,test
llama-Fear-0026,train
llama-Fear-0027,train
llama-Fear-0028,train
llama-Fear-0029,validation
llama-Fear-0030,test
llama-Fear-0031,train
llama-Fear-0032,validation
llama-Fear-0033,train
llama-Fear-0034,validation
llama-Fear-0035,train
llama-Fear-0036,train
llama-Fear-0037,train
llama-Fear-0039,train
llama-Fear-0040,train
llama-Fear-0041,train
llama-Fear-0042,train
llama-Fear-0043,train
llama-Fear-0044,train
llama-Fear-0046,train
llama-Fear-0047,train
llama-Fear-0049,train
llama-Fear-0050,train
llama-Fear-0051,train
llama-Fear-0052,train
llama-Fear-0053,test
llama-Fear-0054,train
llama-Fear-0055,train
llama-Fear-0056,train
llama-Fear-0057,train
llama-Fear-0058,train
llama-Fear-0059,validation
llama-Fear-0060,train
llama-Fear-0062,train
llama-Fear-0063,train
llama-Fear-0065,train
llama-Fear-0066,train
llama-Fear-0067,train
llama-Fear-0068,validation
llama-Fear-0069,test
llama-Fear-0070,train
llama-Fear-0071,train
llama-Fear-0072,train
llama-Fear-0073,train
llama-Fear-0074,train
llama-Fear-0075,train
llama-Fear-0076,train
llama-Fear-0077,test
llama-Fear-0078,train
llama-Fear-0079,train
llama-Fear-0080,train
llama-Fear-0081,train
llama-Fear-0082,train
llama-Fear-0083,train
llama-Fear-0084,validation
llama-Fear-0085,train
llama-Fear-0086,train
llama-Fear-0087,test
llama-Fear-0090,train
llama-Fear-0093,train
llama-Fear-0095,validation
llama-Fear-0096,train
llama-Fear-0097,validation
llama-Fear-0098,train
llama-Fear-0099,test
llama-Fear-0100,train
llama-Fear-0101,train
llama-Fear-0102,test
llama-Fear-0103,train
llama-Fear-0105,train
llama-Fear-0106,train
llama-Fear-0107,train
llama-Fear-0108,train
llama-Fear-0109,train
llama-Fear-0110,train
llama-Fear-0111,train
llama-Fear-0112,train
llama-Fear-0113,train
llama-Fear-0114,train
llama-Fear-0115,test
llama-Fear-0116,validation
llama-Fear-0117,test
llama-Fear-0118,train
llama-Fear-0119,train
llama-Fear-0120,test
llama-Fear-0121,train
llama-Fear-0122,test
llama-Fear-0123,train
llama-Fear-0124,train
llama-Fear-0125,validation
llama-Fear-0126,validation
llama-Fear-0127,test
llama-Fear-0128,train
llama-Fear-0129,train
llama-Fear-0130,test
llama-Fear-0131,train
llama-Fear-0132,train
llama-Fear-0134,train
llama-Fear-0135,train
llama-Fear-0136,train
llama-Fear-0137,validation
llama-Fear-0138,train
llama-Fear-0139,train
llama-Fear-0140,train
llama-Fear-0141,train
llama-Fear-0142,train
llama-Fear-0143,test
llama-Fear-0144,validation
llama-Fear-0145,train
llama-Fear-0146,test
llama-Fear-0147,validation
llama-Fear-0148,train
llama-Fear-0149,train
llama-Fear-0150,train
llama-Fear-0151,train
llama-Fear-0152,train
llama-Fear-0153,train
llama-Fear-0154,train
llama-Fear-0155,train
llama-Fear-0156,validation
llama-Fear-0157,train
llama-Fear-0158,train
llama-Fear-0159,validation
llama-Fear-0160,train
llama-Fear-0161,train
llama-Fear-0162,train
llama-Fear-0163,validation
llama-Fear-0164,train
llama-Fear-0165,test
llama-Fear-0166,train
llama-Fear-0167,validation
llama-Fear-0168,train
llama-Fear-0169,validation
llama-Fear-0170,train
llama-Fear-0171,test
llama-Fear-0172,train
llama-Fear-0173,test
llama-Fear-0174,train
llama-Fear-0175,train
llama-Fear-0176,validation
llama-Fear-0177,test
llama-Fear-0178,train
llama-Fear-0181,train
llama-Fear-0182,test
llama-Fear-0183,test
llama-Fear-0184,test
llama-Fear-0185,test
llama-Fear-0186,validation
llama-Fear-0187,validation
llama-Fear-0188,validation
llama-Fear-0189,train
llama-Fear-0190,train
llama-Fear-0191,train
llama-Fear-0192,train
llama-Fear-0193,train
llama-Fear-0195,test
llama-Fear-0196,train
llama-Fear-0197,train
llama-Fear-0198,train
llama-Fear-0199,train
llama-Surprise-0000,validation
llama-Surprise-0001,test
llama-Surprise-0002,train
llama-Surprise-0003,train
llama-Surprise-0004,test
llama-Surprise-0007,train
llama-Surprise-0008,train
llama-Surprise-0009,validation
llama-Surprise-0010,train
llama-Surprise-0011,validation
llama-Surprise-0012,train
llama-Surprise-0013,validation
llama-Surprise-0015,train
llama-Surprise-0016,test
llama-Surprise-0017,train
llama-Surprise-0018,train
llama-Surprise-0019,train
llama-Surprise-0020,validation
llama-Surprise-0021,train
llama-Surprise-0022,test
llama-Surprise-0023,validation
llama-Surprise-0024,train
llama-Surprise-0026,train
llama-Surprise-0027,train
llama-Surprise-0028,train
llama-Surprise-0029,validation
llama-Surprise-0030,train
llama-Surprise-0031,validation
llama-Surprise-0032,train
llama-Surprise-0033,train
llama-Surprise-0034,test
llama-Surprise-0035,train
llama-Surprise-0036,train
llama-Surprise-0037,train
llama-Surprise-0038,train
llama-Surprise-0039,train
llama-Surprise-0040,test
llama-Surprise-0041,train
llama-Surprise-0042,train
llama-Surprise-0043,validation
llama-Surprise-0044,validation
llama-Surprise-0045,validation
llama-Surprise-0046,test
llama-Surprise-0047,validation
llama-Surprise-0048,train
llama-Surprise-0049,test
llama-Surprise-0051,train
llama-Surprise-0052,test
llama-Surprise-0054,train
llama-Surprise-0056,train
llama-Surprise-0057,train
llama-Surprise-0059,train
llama-Surprise-0060,train
llama-Surprise-0061,train
llama-Surprise-0062,train
llama-Surprise-0063,train
llama-Surprise-0065,train
llama-Surprise-0066,train
llama-Surprise-0067,train
llama-Surprise-0069,train
llama-Surprise-0070,test
llama-Surprise-0071,train
llama-Surprise-0072,test
llama-Surprise-0073,train
llama-Surprise-0074,train
llama-Surprise-0075,train
llama-Surprise-0076,validation
llama-Surprise-0077,train
llama-Surprise-0078,train
llama-Surprise-0079,test
llama-Surprise-0080,validation
llama-Surprise-0081,train
llama-Surprise-0083,train
llama-Surprise-0084,train
llama-Surprise-0085,train
llama-Surprise-0086,train
llama-Surprise-0088,test
llama-Surprise-0089,train
llama-Surprise-0090,validation
llama-Surprise-0091,train
llama-Surprise-0092,test
llama-Surprise-0094,train
llama-Surprise-0095,train
llama-Surprise-0096,train
llama-Surprise-0100,test
llama-Surprise-0101,train
llama-Surprise-0103,train
llama-Surprise-0104,test
llama-Surprise-0107,train
llama-Surprise-0109,validation
llama-Surprise-0110,train
llama-Surprise-0111,train
llama-Surprise-0112,train
llama-Surprise-0114,validation
llama-Surprise-0115,test
llama-Surprise-0116,train
llama-Surprise-0117,train
llama-Surprise-0118,train
llama-Surprise-0119,train
llama-Surprise-0121,validation
llama-Surprise-0123,test
llama-Surprise-0124,train
llama-Surprise-0126,train
llama-Surprise-0127,train
llama-Surprise-0128,train
llama-Surprise-0129,test
llama-Surprise-0130,train
llama-Surprise-0131,train
llama-Surprise-0132,train
llama-Surprise-0133,train
llama-Surprise-0135,train
llama-Surprise-0136,test
llama-Surprise-0137,train
llama-Surprise-0138,train
llama-Surprise-0139,train
llama-Surprise-0140,train
llama-Surprise-0141,train
llama-Surprise-0142,train
llama-Surprise-0143,validation
llama-Surprise-0144,validation
llama-Surprise-0145,train
llama-Surprise-0147,train
llama-Surprise-0148,train
llama-Surprise-0149,test
llama-Surprise-0150,train
llama-Surprise-0151,test
llama-Surprise-0153,train
llama-Surprise-0154,validation
llama-Surprise-0155,train
llama-Surprise-0156,train
llama-Surprise-0157,validation
llama-Surprise-0158,validation
llama-Surprise-0159,train
llama-Surprise-0160,test
llama-Surprise-0161,train
llama-Surprise-0162,train
llama-Surprise-0163,train
llama-Surprise-0164,validation
llama-Surprise-0165,train
llama-Surprise-0166,train
llama-Surprise-0167,train
llama-Surprise-0168,train
llama-Surprise-0169,train
llama-Surprise-0170,test
llama-Surprise-0171,train
llama-Surprise-0172,test
llama-Surprise-0173,train
llama-Surprise-0174,train
llama-Surprise-0178,train
llama-Surprise-0179,train
llama-Surprise-0180,train
llama-Surprise-0181,train
llama-Surprise-0182,train
llama-Surprise-0183,train
llama-Surprise-0184,train
llama-Surprise-0185,train
llama-Surprise-0186,validation
llama-Surprise-0187,train
llama-Surprise-0188,train
llama-Surprise-0189,train
llama-Surprise-0190,validation
llama-Surprise-0191,train
llama-Surprise-0192,train
llama-Surprise-0193,train
llama-Surprise-0194,train
llama-Surprise-0196,train
llama-Surprise-0197,train
llama-Surprise-0198,train
llama-Surprise-0199,train
llama-Other-0000,validation
llama-Other-0001,test
llama-Other-0002,train
llama-Other-0003,test
llama-Other-0004,train
llama-Other-0005,train
llama-Other-0006,validation
llama-Other-0007,train
llama-Other-0008,train
llama-Other-0009,train
llama-Other-0010,validation
llama-Other-0011,test
llama-Other-0012,train
llama-Other-0013,train
llama-Other-0014,train
llama-Other-0015,train
llama-Other-0017,train
llama-Other-0018,train
llama-Other-0019,train
llama-Other-0020,train
llama-Other-0022,train
llama-Other-0023,test
llama-Other-0024,train
llama-Other-0025,train
llama-Other-0026,train
llama-Other-0027,test
llama-Other-0028,train
llama-Other-0029,train
llama-Other-0030,validation
llama-Other-0031,validation
llama-Other-0032,train
llama-Other-0033,train
llama-Other-0034,train
llama-Other-0035,validation
llama-Other-0036,validation
llama-Other-0037,train
llama-Other-0038,train
llama-Other-0039,train
llama-Other-0040,train
llama-Other-0042,train
llama-Other-0043,train
llama-Other-0044,train
llama-Other-0045,test
llama-Other-0046,train
llama-Other-0047,train
llama-Other-0048,test
llama-Other-0049,train
llama-Other-0050,validation
llama-Other-0051,validation
llama-Other-0052,train
llama-Other-0053,train
llama-Other-0054,train
llama-Other-0055,train
llama-Other-0056,validation
llama-Other-0057,train
llama-Other-0058,train
llama-Other-0059,test
llama-Other-0060,train
llama-Other-0061,validation
llama-Other-0062,train
llama-Other-0064,train
llama-Other-0065,train
llama-Other-0066,train
llama-Other-0067,train
llama-Other-0068,train
llama-Other-0069,test
llama-Other-0070,train
llama-Other-0071,train
llama-Other-0072,validation
llama-Other-0073,train
llama-Other-0074,train
llama-Other-0075,validation
llama-Other-0076,train
llama-Other-0077,train
llama-Other-0078,train
llama-Other-0079,validation
llama-Other-0080,train
llama-Other-0081,train
llama-Other-0082,train
llama-Other-0083,train
llama-Other-0084,train
llama-Other-0086,train
llama-Other-0087,train
llama-Other-0088,train
llama-Other-0089,train
llama-Other-0090,test
llama-Other-0091,train
llama-Other-0092,train
llama-Other-0093,train
llama-Other-0094,train
llama-Other-0095,train
llama-Other-0096,validation
llama-Other-0097,train
llama-Other-0098,train
llama-Other-0099,train
llama-Other-0101,train
llama-Other-0102,validation
llama-Other-0103,test
llama-Other-0104,train
llama-Other-0105,train
llama-Other-0106,train
llama-Other-0107,validation
llama-Other-0108,train
llama-Other-0109,validation
llama-Other-0110,train
llama-Other-0111,test
llama-Other-0112,train
llama-Other-0113,train
llama-Other-0114,train
llama-Other-0115,train
llama-Other-0116,train
llama-Other-0117,train
llama-Other-0118,train
llama-Other-0119,train
llama-Other-0120,validation
llama-Other-0122,validation
llama-Other-0123,train
llama-Other-0124,test
llama-Other-0125,train
llama-Other-0126,train
llama-Other-0127,test
llama-Other-0128,train
llama-Other-0129,test
llama-Other-0130,train
llama-Other-0131,test
llama-Other-0132,train
llama-Other-0133,train
llama-Other-0134,train
llama-Other-0135,train
llama-Other-0136,test
llama-Other-0137,test
llama-Other-0138,train
llama-Other-0139,train
llama-Other-0140,train
llama-Other-0141,validation
llama-Other-0142,validation
llama-Other-0143,train
llama-Other-0144,train
llama-Other-0145,train
llama-Other-0146,validation
llama-Other-0147,train
llama-Other-0149,train
llama-Other-0150,train
llama-Other-0151,test
llama-Other-0152,train
llama-Other-0153,train
llama-Other-0155,train
llama-Other-0156,validation
llama-Other-0157,test
llama-Other-0158,test
llama-Other-0159,train
llama-Other-0160,train
llama-Other-0161,train
llama-Other-0162,train
llama-Other-0163,train
llama-Other-0164,train
llama-Other-0165,validation
llama-Other-0166,train
llama-Other-0167,train
llama-Other-0168,validation
llama-Other-0169,train
llama-Other-0170,train
llama-Other-0171,train
llama-Other-0172,test
llama-Other-0173,test
llama-Other-0174,train
llama-Other-0175,train
llama-Other-0176,validation
llama-Other-0177,test
llama-Other-0180,train
llama-Other-0181,validation
llama-Other-0183,test
llama-Other-0184,train
llama-Other-0185,train
llama-Other-0186,train
llama-Other-0187,test
llama-Other-0188,test
llama-Other-0189,train
llama-Other-0190,train
llama-Other-0191,train
llama-Other-0192,train
llama-Other-0193,test
llama-Other-0194,train
llama-Other-0195,train
llama-Other-0196,validation
llama-Other-0197,train
llama-Other-0198,train
llama-Other-0199,train
qwen-Enjoyment-0000,train
qwen-Enjoyment-0001,test
qwen-Enjoyment-0002,validation
qwen-Enjoyment-0003,train
qwen-Enjoyment-0004,train
qwen-Enjoyment-0005,train
qwen-Enjoyment-0006,validation
qwen-Enjoyment-0007,train
qwen-Enjoyment-0008,test
qwen-Enjoyment-0009,train
qwen-Enjoyment-0010,test
qwen-Enjoyment-0011,train
qwen-Enjoyment-0012,train
qwen-Enjoyment-0013,train
qwen-Enjoyment-0014,train
qwen-Enjoyment-0015,train
qwen-Enjoyment-0016,train
qwen-Enjoyment-0017,train
qwen-Enjoyment-0018,train
qwen-Enjoyment-0019,train
qwen-Enjoyment-0020,train
qwen-Enjoyment-0021,train
qwen-Enjoyment-0022,train
qwen-Enjoyment-0023,test
qwen-Enjoyment-0024,train
qwen-Enjoyment-0025,train
qwen-Enjoyment-0026,train
qwen-Enjoyment-0027,train
qwen-Enjoyment-0028,train
qwen-Enjoyment-0029,train
qwen-Enjoyment-0030,train
qwen-Enjoyment-0031,train
qwen-Enjoyment-0032,train
qwen-Enjoyment-0033,train
qwen-Enjoyment-0034,train
qwen-Enjoyment-0035,train
qwen-Enjoyment-0036,test
qwen-Enjoyment-0037,validation
qwen-Enjoyment-0038,validation
qwen-Enjoyment-0039,train
qwen-Enjoyment-0040,train
qwen-Enjoyment-0041,validation
qwen-Enjoyment-0042,train
qwen-Enjoyment-0043,train
qwen-Enjoyment-0044,train
qwen-Enjoyment-0045,train
qwen-Enjoyment-0046,train
qwen-Enjoyment-0047,test
qwen-Enjoyment-0049,train
qwen-Enjoyment-0050,train
qwen-Enjoyment-0051,train
qwen-Enjoyment-0052,test
qwen-Enjoyment-0053,validation
qwen-Enjoyment-0054,test
qwen-Enjoyment-0055,train
qwen-Enjoyment-0056,train
qwen-Enjoyment-0057,train
qwen-Enjoyment-0058,train
qwen-Enjoyment-0059,train
qwen-Enjoyment-0060,test
qwen-Enjoyment-0061,train
qwen-Enjoyment-0062,train
qwen-Enjoyment-0063,train
qwen-Enjoyment-0064,train
qwen-Enjoyment-0065,train
qwen-Enjoyment-0066,train
qwen-Enjoyment-0067,train
qwen-Enjoyment-0068,test
qwen-Enjoyment-0069,test
qwen-Enjoyment-0070,test
qwen-Enjoyment-0071,train
qwen-Enjoyment-0072,train
qwen-Enjoyment-0073,train
qwen-Enjoyment-0074,train
qwen-Enjoyment-0075,train
qwen-Enjoyment-0076,train
qwen-Enjoyment-0077,train
qwen-Enjoyment-0078,train
qwen-Enjoyment-0080,train
qwen-Enjoyment-0081,train
qwen-Enjoyment-0082,train
qwen-Enjoyment-0083,validation
qwen-Enjoyment-0084,train
qwen-Enjoyment-0085,train
qwen-Enjoyment-0086,train
qwen-Enjoyment-0087,train
qwen-Enjoyment-0088,train
qwen-Enjoyment-0089,train
qwen-Enjoyment-0090,train
qwen-Enjoyment-0091,test
qwen-Enjoyment-0092,train
qwen-Enjoyment-0093,train
qwen-Enjoyment-0094,test
qwen-Enjoyment-0095,train
qwen-Enjoyment-0096,train
qwen-Enjoyment-0097,test
qwen-Enjoyment-0098,validation
qwen-Enjoyment-0099,test
qwen-Enjoyment-0100,test
qwen-Enjoyment-0101,train
qwen-Enjoyment-0102,train
qwen-Enjoyment-0103,train
qwen-Enjoyment-0104,train
qwen-Enjoyment-0105,validation
qwen-Enjoyment-0106,train
qwen-Enjoyment-0107,train
qwen-Enjoyment-0108,train
qwen-Enjoyment-0109,train
qwen-Enjoyment-0110,train
qwen-Enjoyment-0111,train
qwen-Enjoyment-0112,train
qwen-Enjoyment-0113,validation
qwen-Enjoyment-0114,validation
qwen-Enjoyment-0115,train
qwen-Enjoyment-0116,train
qwen-Enjoyment-0117,test
qwen-Enjoyment-0118,train
qwen-Enjoyment-0119,train
qwen-Enjoyment-0120,train
qwen-Enjoyment-0121,validation
qwen-Enjoyment-0122,train
qwen-Enjoyment-0123,train
qwen-Enjoyment-0124,validation
qwen-Enjoyment-0125,test
qwen-Enjoyment-0126,train
qwen-Enjoyment-0127,test
qwen-Enjoyment-0128,train
qwen-Enjoyment-0129,validation
qwen-Enjoyment-0130,test
qwen-Enjoyment-0131,test
qwen-Enjoyment-0132,validation
qwen-Enjoyment-0133,train
qwen-Enjoyment-0134,train
qwen-Enjoyment-0135,train
qwen-Enjoyment-0136,train
qwen-Enjoyment-0137,train
qwen-Enjoyment-0138,train
qwen-Enjoyment-0139,train
qwen-Enjoyment-0140,test
qwen-Enjoyment-0141,validation
qwen-Enjoyment-0142,train
qwen-Enjoyment-0143,train
qwen-Enjoyment-0144,train
qwen-Enjoyment-0145,validation
qwen-Enjoyment-0146,validation
qwen-Enjoyment-0147,train
qwen-Enjoyment-0148,validation
qwen-Enjoyment-0149,validation
qwen-Enjoyment-0150,validation
qwen-Enjoyment-0151,train
qwen-Enjoyment-0152,test
qwen-Enjoyment-0153,train
qwen-Enjoyment-0154,train
qwen-Enjoyment-0155,train
qwen-Enjoyment-0156,train
qwen-Enjoyment-0157,train
qwen-Enjoyment-0158,train
qwen-Enjoyment-0159,validation
qwen-Enjoyment-0160,test
qwen-Enjoyment-0161,test
qwen-Enjoyment-0162,test
qwen-Enjoyment-0163,train
qwen-Enjoyment-0164,test
qwen-Enjoyment-0165,validation
qwen-Enjoyment-0166,train
qwen-Enjoyment-0167,train
qwen-Enjoyment-0168,train
qwen-Enjoyment-0169,train
qwen-Enjoyment-0170,train
qwen-Enjoyment-0171,train
qwen-Enjoyment-0172,train
qwen-Enjoyment-0173,validation
qwen-Enjoyment-0174,test
qwen-Enjoyment-0175,validation
qwen-Enjoyment-0176,train
qwen-Enjoyment-0177,validation
qwen-Enjoyment-0178,train
qwen-Enjoyment-0179,train
qwen-Enjoyment-0180,train
qwen-Enjoyment-0181,train
qwen-Enjoyment-0182,train
qwen-Enjoyment-0183,test
qwen-Enjoyment-0184,validation
qwen-Enjoyment-0185,validation
qwen-Enjoyment-0186,train
qwen-Enjoyment-0187,train
qwen-Enjoyment-0188,train
qwen-Enjoyment-0189,train
qwen-Enjoyment-0190,train
qwen-Enjoyment-0191,train
qwen-Enjoyment-0192,train
qwen-Enjoyment-0193,train
qwen-Enjoyment-0194,train
qwen-Enjoyment-0195,train
qwen-Enjoyment-0197,validation
qwen-Enjoyment-0198,train
qwen-Enjoyment-0199,train
qwen-Sadness-0000,validation
qwen-Sadness-0001,train
qwen-Sadness-0002,validation
qwen-Sadness-0003,train
qwen-Sadness-0004,train
qwen-Sadness-0005,train
qwen-Sadness-0006,train
qwen-Sadness-0007,train
qwen-Sadness-0008,train
qwen-Sadness-0009,train
qwen-Sadness-0010,train
qwen-Sadness-0011,validation
qwen-Sadness-0012,train
qwen-Sadness-0013,test
qwen-Sadness-0014,train
qwen-Sadness-0015,validation
qwen-Sadness-0016,train
qwen-Sadness-0017,train
qwen-Sadness-0018,test
qwen-Sadness-0019,test
qwen-Sadness-0020,train
qwen-Sadness-0021,train
qwen-Sadness-0022,train
qwen-Sadness-0023,train
qwen-Sadness-0024,train
qwen-Sadness-0025,train
qwen-Sadness-0026,train
qwen-Sadness-0027,train
qwen-Sadness-0028,train
qwen-Sadness-0029,train
qwen-Sadness-0030,train
qwen-Sadness-0031,train
qwen-Sadness-0032,train
qwen-Sadness-0033,train
qwen-Sadness-0034,train
qwen-Sadness-0035,validation
qwen-Sadness-0036,train
qwen-Sadness-0038,train
qwen-Sadness-0039,validation
qwen-Sadness-0040,train
qwen-Sadness-0041,train
qwen-Sadness-0042,train
qwen-Sadness-0043,train
qwen-Sadness-0044,test
qwen-Sadness-0045,validation
qwen-Sadness-0046,train
qwen-Sadness-0047,test
qwen-Sadness-0048,train
qwen-Sadness-0049,validation
qwen-Sadness-0050,train
qwen-Sadness-0051,train
qwen-Sadness-0052,train
qwen-Sadness-0053,train
qwen-Sadness-0054,test
qwen-Sadness-0055,train
qwen-Sadness-0056,test
qwen-Sadness-0057,train
qwen-Sadness-0058,test
qwen-Sadness-0059,train
qwen-Sadness-0060,train
qwen-Sadness-0061,validation
qwen-Sadness-0062,train
qwen-Sadness-0063,train
qwen-Sadness-0064,train
qwen-Sadness-0065,train
qwen-Sadness-0066,train
qwen-Sadness-0067,train
qwen-Sadness-0068,train
qwen-Sadness-0069,train
qwen-Sadness-0070,validation
qwen-Sadness-0071,train
qwen-Sadness-0072,train
qwen-Sadness-0073,train
qwen-Sadness-0074,test
qwen-Sadness-0075,train
qwen-Sadness-0076,train
qwen-Sadness-0077,train
qwen-Sadness-0078,train
qwen-Sadness-0079,train
qwen-Sadness-0080,validation
qwen-Sadness-0081,train
qwen-Sadness-0082,train
qwen-Sadness-0083,train
qwen-Sadness-0084,train
qwen-Sadness-0085,train
qwen-Sadness-0086,train
qwen-Sadness-0087,train
qwen-Sadness-0088,train
qwen-Sadness-0089,train
qwen-Sadness-0090,validation
qwen-Sadness-0091,test
qwen-Sadness-0092,test
qwen-Sadness-0093,train
qwen-Sadness-0094,train
qwen-Sadness-0095,train
qwen-Sadness-0096,train
qwen-Sadness-0097,train
qwen-Sadness-0098,train
qwen-Sadness-0099,train
qwen-Sadness-0100,train
qwen-Sadness-0101,train
qwen-Sadness-0103,validation
qwen-Sadness-0104,train
qwen-Sadness-0105,train
qwen-Sadness-0106,validation
qwen-Sadness-0107,train
qwen-Sadness-0108,train
qwen-Sadness-0109,validation
qwen-Sadness-0110,train
qwen-Sadness-0111,train
qwen-Sadness-0112,train
qwen-Sadness-0113,train
qwen-Sadness-0114,validation
qwen-Sadness-0115,train
qwen-Sadness-0116,train
qwen-Sadness-0117,train
qwen-Sadness-0118,test
qwen-Sadness-0119,validation
qwen-Sadness-0120,train
qwen-Sadness-0121,train
qwen-Sadness-0122,train
qwen-Sadness-0123,train
qwen-Sadness-0124,train
qwen-Sadness-0125,train
qwen-Sadness-0126,train
qwen-Sadness-0127,validation
qwen-Sadness-0128,validation
qwen-Sadness-0129,train
qwen-Sadness-0130,train
qwen-Sadness-0131,train
qwen-Sadness-0132,validation
qwen-Sadness-0133,validation
qwen-Sadness-0134,train
qwen-Sadness-0135,validation
qwen-Sadness-0136,train
qwen-Sadness-0137,train
qwen-Sadness-0138,train
qwen-Sadness-0139,train
qwen-Sadness-0140,train
qwen-Sadness-0141,train
qwen-Sadness-0142,test
qwen-Sadness-0143,train
qwen-Sadness-0144,test
qwen-Sadness-0145,test
qwen-Sadness-0146,train
qwen-Sadness-0147,validation
qwen-Sadness-0148,test
qwen-Sadness-0149,test
qwen-Sadness-0150,validation
qwen-Sadness-0151,train
qwen-Sadness-0152,train
qwen-Sadness-0153,train
qwen-Sadness-0154,validation
qwen-Sadness-0155,train
qwen-Sadness-0156,train
qwen-Sadness-0157,train
qwen-Sadness-0158,train
qwen-Sadness-0159,validation
qwen-Sadness-0160,test
qwen-Sadness-0161,test
qwen-Sadness-0162,test
qwen-Sadness-0163,train
qwen-Sadness-0164,test
qwen-Sadness-0165,train
qwen-Sadness-0166,train
qwen-Sadness-0167,test
qwen-Sadness-0168,test
qwen-Sadness-0169,train
qwen-Sadness-0170,validation
qwen-Sadness-0171,train
qwen-Sadness-0172,train
qwen-Sadness-0173,train
qwen-Sadness-0175,test
qwen-Sadness-0176,train
qwen-Sadness-0177,validation
qwen-Sadness-0178,test
qwen-Sadness-0179,train
qwen-Sadness-0180,train
qwen-Sadness-0181,test
qwen-Sadness-0182,train
qwen-Sadness-0183,train
qwen-Sadness-0184,test
qwen-Sadness-0185,test
qwen-Sadness-0186,train
qwen-Sadness-0187,train
qwen-Sadness-0188,test
qwen-Sadness-0189,train
qwen-Sadness-0190,train
qwen-Sadness-0191,train
qwen-Sadness-0192,validation
qwen-Sadness-0193,validation
qwen-Sadness-0194,train
qwen-Sadness-0195,train
qwen-Sadness-0196,train
qwen-Sadness-0197,test
qwen-Sadness-0198,train
qwen-Sadness-0199,train
qwen-Anger-0000,test
qwen-Anger-0002,train
qwen-Anger-0003,train
qwen-Anger-0004,train
qwen-Anger-0005,test
qwen-Anger-0006,validation
qwen-Anger-0007,validation
qwen-Anger-0008,train
qwen-Anger-0009,train
qwen-Anger-0010,train
qwen-Anger-0011,test
qwen-Anger-0012,train
qwen-Anger-0013,train
qwen-Anger-0014,test
qwen-Anger-0015,train
qwen-Anger-0016,train
qwen-Anger-0017,train
qwen-Anger-0018,train
qwen-Anger-0019,train
qwen-Anger-0020,train
qwen-Anger-0021,train
qwen-Anger-0022,train
qwen-Anger-0023,test
qwen-Anger-0024,train
qwen-Anger-0025,train
qwen-Anger-0026,train
qwen-Anger-0028,train
qwen-Anger-0029,train
qwen-Anger-0030,train
qwen-Anger-0031,validation
qwen-Anger-0032,train
qwen-Anger-0033,validation
qwen-Anger-0035,train
qwen-Anger-0036,train
qwen-Anger-0037,validation
qwen-Anger-0038,train
qwen-Anger-0039,train
qwen-Anger-0040,train
qwen-Anger-0041,test
qwen-Anger-0042,validation
qwen-Anger-0043,train
qwen-Anger-0044,test
qwen-Anger-0045,train
qwen-Anger-0046,train
qwen-Anger-0047,train
qwen-Anger-0048,train
qwen-Anger-0049,train
qwen-Anger-0050,train
qwen-Anger-0051,train
qwen-Anger-0054,train
qwen-Anger-0055,validation
qwen-Anger-0056,train
qwen-Anger-0057,test
qwen-Anger-0058,train
qwen-Anger-0059,train
qwen-Anger-0060,train
qwen-Anger-0061,train
qwen-Anger-0062,train
qwen-Anger-0063,train
qwen-Anger-0064,test
qwen-Anger-0065,train
qwen-Anger-0066,validation
qwen-Anger-0067,validation
qwen-Anger-0068,validation
qwen-Anger-0069,train
qwen-Anger-0070,train
qwen-Anger-0071,test
qwen-Anger-0072,train
qwen-Anger-0073,test
qwen-Anger-0074,train
qwen-Anger-0075,validation
qwen-Anger-0076,train
qwen-Anger-0077,validation
qwen-Anger-0078,train
qwen-Anger-0080,train
qwen-Anger-0081,validation
qwen-Anger-0082,train
qwen-Anger-0083,test
qwen-Anger-0084,train
qwen-Anger-0085,test
qwen-Anger-0086,train
qwen-Anger-0087,train
qwen-Anger-0088,train
qwen-Anger-0089,train
qwen-Anger-0090,validation
qwen-Anger-0091,train
qwen-Anger-0093,train
qwen-Anger-0094,train
qwen-Anger-0095,train
qwen-Anger-0097,train
qwen-Anger-0098,validation
qwen-Anger-0099,train
qwen-Anger-0100,train
qwen-Anger-0101,train
qwen-Anger-0102,validation
qwen-Anger-0103,train
qwen-Anger-0104,train
qwen-Anger-0105,train
qwen-Anger-0106,validation
qwen-Anger-0107,train
qwen-Anger-0108,train
qwen-Anger-0109,train
qwen-Anger-0110,train
qwen-Anger-0111,train
qwen-Anger-0112,train
qwen-Anger-0113,test
qwen-Anger-0114,test
qwen-Anger-0115,train
qwen-Anger-0116,train
qwen-Anger-0117,train
qwen-Anger-0118,train
qwen-Anger-0119,train
qwen-Anger-0120,train
qwen-Anger-0123,train
qwen-Anger-0124,train
qwen-Anger-0127,train
qwen-Anger-0129,train
qwen-Anger-0130,train
qwen-Anger-0131,test
qwen-Anger-0132,train
qwen-Anger-0133,train
qwen-Anger-0134,test
qwen-Anger-0135,train
qwen-Anger-0136,train
qwen-Anger-0137,validation
qwen-Anger-0139,train
qwen-Anger-0140,validation
qwen-Anger-0141,train
qwen-Anger-0142,train
qwen-Anger-0143,validation
qwen-Anger-0144,train
qwen-Anger-0145,test
qwen-Anger-0146,train
qwen-Anger-0148,validation
qwen-Anger-0149,train
qwen-Anger-0150,train
qwen-Anger-0151,train
qwen-Anger-0152,train
qwen-Anger-0153,validation
qwen-Anger-0154,test
qwen-Anger-0156,validation
qwen-Anger-0157,train
qwen-Anger-0158,train
qwen-Anger-0159,train
qwen-Anger-0162,train
qwen-Anger-0163,validation
qwen-Anger-0164,train
qwen-Anger-0166,train
qwen-Anger-0167,train
qwen-Anger-0168,train
qwen-Anger-0169,train
qwen-Anger-0170,validation
qwen-Anger-0171,train
qwen-Anger-0172,train
qwen-Anger-0174,train
qwen-Anger-0175,test
qwen-Anger-0176,train
qwen-Anger-0177,train
qwen-Anger-0178,test
qwen-Anger-0181,train
qwen-Anger-0182,train
qwen-Anger-0183,test
qwen-Anger-0185,train
qwen-Anger-0187,test
qwen-Anger-0188,test
qwen-Anger-0189,train
qwen-Anger-0190,test
qwen-Anger-0191,train
qwen-Anger-0192,test
qwen-Anger-0193,train
qwen-Anger-0194,train
qwen-Anger-0195,train
qwen-Anger-0196,validation
qwen-Anger-0198,validation
qwen-Anger-0199,train
qwen-Fear-0000,train
qwen-Fear-0001,train
qwen-Fear-0002,train
qwen-Fear-0003,train
qwen-Fear-0004,train
qwen-Fear-0005,train
qwen-Fear-0006,train
qwen-Fear-0007,train
qwen-Fear-0008,train
qwen-Fear-0009,train
qwen-Fear-0010,test
qwen-Fear-0011,test
qwen-Fear-0013,train
qwen-Fear-0014,train
qwen-Fear-0015,train
qwen-Fear-0016,train
qwen-Fear-0017,validation
qwen-Fear-0018,train
qwen-Fear-0019,test
qwen-Fear-0020,train
qwen-Fear-0021,train
qwen-Fear-0022,train
qwen-Fear-0023,train
qwen-Fear-0024,train
qwen-Fear-0025,test
qwen-Fear-0027,test
qwen-Fear-0028,train
qwen-Fear-0029,train
qwen-Fear-0030,test
qwen-Fear-0031,train
qwen-Fear-0032,train
qwen-Fear-0034,train
qwen-Fear-0035,test
qwen-Fear-0036,train
qwen-Fear-0037,test
qwen-Fear-0039,test
qwen-Fear-0040,train
qwen-Fear-0041,train
qwen-Fear-0042,test
qwen-Fear-0044,test
qwen-Fear-0045,train
qwen-Fear-0046,validation
qwen-Fear-0047,train
qwen-Fear-0048,test
qwen-Fear-0049,train
qwen-Fear-0050,train
qwen-Fear-0051,test
qwen-Fear-0052,train
qwen-Fear-0053,test
qwen-Fear-0054,train
qwen-Fear-0055,validation
qwen-Fear-0056,train
qwen-Fear-0057,train
qwen-Fear-0058,test
qwen-Fear-0059,validation
qwen-Fear-0060,validation
qwen-Fear-0061,test
qwen-Fear-0062,train
qwen-Fear-0064,train
qwen-Fear-0065,train
qwen-Fear-0066,test
qwen-Fear-0067,test
qwen-Fear-0068,train
qwen-Fear-0069,train
qwen-Fear-0070,train
qwen-Fear-0071,train
qwen-Fear-0072,train
qwen-Fear-0073,train
qwen-Fear-0074,test
qwen-Fear-0075,train
qwen-Fear-0076,train
qwen-Fear-0077,train
qwen-Fear-0078,validation
qwen-Fear-0079,validation
qwen-Fear-0080,train
qwen-Fear-0082,train
qwen-Fear-0084,train
qwen-Fear-0085,train
qwen-Fear-0086,train
qwen-Fear-0087,test
qwen-Fear-0088,test
qwen-Fear-0089,train
qwen-Fear-0090,train
qwen-Fear-0091,train
qwen-Fear-0092,train
qwen-Fear-0093,train
qwen-Fear-0094,train
qwen-Fear-0095,train
qwen-Fear-0096,train
qwen-Fear-0097,train
qwen-Fear-0098,train
qwen-Fear-0099,train
qwen-Fear-0100,train
qwen-Fear-0101,train
qwen-Fear-0102,train
qwen-Fear-0103,train
qwen-Fear-0104,train
qwen-Fear-0105,test
qwen-Fear-0106,train
qwen-Fear-0107,train
qwen-Fear-0108,validation
qwen-Fear-0109,validation
qwen-Fear-0110,train
qwen-Fear-0111,validation
qwen-Fear-0113,train
qwen-Fear-0114,train
qwen-Fear-0115,validation
qwen-Fear-0116,validation
qwen-Fear-0117,validation
qwen-Fear-0118,train
qwen-Fear-0119,validation
qwen-Fear-0120,train
qwen-Fear-0122,validation
qwen-Fear-0123,train
qwen-Fear-0124,validation
qwen-Fear-0125,train
qwen-Fear-0126,train
qwen-Fear-0127,train
qwen-Fear-0128,train
qwen-Fear-0129,train
qwen-Fear-0130,train
qwen-Fear-0131,train
qwen-Fear-0132,train
qwen-Fear-0133,train
qwen-Fear-0134,train
qwen-Fear-0135,train
qwen-Fear-0136,train
qwen-Fear-0137,train
qwen-Fear-0138,validation
qwen-Fear-0139,train
qwen-Fear-0140,test
qwen-Fear-0141,train
qwen-Fear-0142,train
qwen-Fear-0144,train
qwen-Fear-0145,train
qwen-Fear-0146,train
qwen-Fear-0147,train
qwen-Fear-0148,validation
qwen-Fear-0149,train
qwen-Fear-0151,train
qwen-Fear-0152,train
qwen-Fear-0153,train
qwen-Fear-0154,train
qwen-Fear-0155,train
qwen-Fear-0156,train
qwen-Fear-0158,train
qwen-Fear-0159,train
qwen-Fear-0160,train
qwen-Fear-0161,validation
qwen-Fear-0162,validation
qwen-Fear-0164,test
qwen-Fear-0166,train
qwen-Fear-0167,validation
qwen-Fear-0168,train
qwen-Fear-0169,train
qwen-Fear-0170,train
qwen-Fear-0171,train
qwen-Fear-0172,train
qwen-Fear-0173,train
qwen-Fear-0174,train
qwen-Fear-0175,validation
qwen-Fear-0176,train
qwen-Fear-0177,train
qwen-Fear-0178,test
qwen-Fear-0180,validation
qwen-Fear-0181,train
qwen-Fear-0182,validation
qwen-Fear-0183,train
qwen-Fear-0184,validation
qwen-Fear-0185,train
qwen-Fear-0186,test
qwen-Fear-0187,test
qwen-Fear-0189,train
qwen-Fear-0190,train
qwen-Fear-0191,train
qwen-Fear-0192,train
qwen-Fear-0194,validation
qwen-Fear-0197,train
qwen-Fear-0198,train
qwen-Fear-0199,validation
qwen-Disgust-0000,train
qwen-Disgust-0001,validation
qwen-Disgust-0002,train
qwen-Disgust-0003,validation
qwen-Disgust-0004,train
qwen-Disgust-0005,validation
qwen-Disgust-0006,train
qwen-Disgust-0007,train
qwen-Disgust-0008,validation
qwen-Disgust-0009,test
qwen-Disgust-0010,train
qwen-Disgust-0011,train
qwen-Disgust-0012,train
qwen-Disgust-0013,train
qwen-Disgust-0014,train
qwen-Disgust-0015,train
qwen-Disgust-0016,validation
qwen-Disgust-0017,train
qwen-Disgust-0019,train
qwen-Disgust-0020,test
qwen-Disgust-0021,train
qwen-Disgust-0022,test
qwen-Disgust-0023,train
qwen-Disgust-0024,train
qwen-Disgust-0025,train
qwen-Disgust-0026,test
qwen-Disgust-0028,train
qwen-Disgust-0029,test
qwen-Disgust-0030,train
qwen-Disgust-0031,train
qwen-Disgust-0032,train
qwen-Disgust-0033,train
qwen-Disgust-0034,train
qwen-Disgust-0035,test
qwen-Disgust-0037,test
qwen-Disgust-0038,test
qwen-Disgust-0040,validation
qwen-Disgust-0041,train
qwen-Disgust-0042,train
qwen-Disgust-0043,train
qwen-Disgust-0044,train
qwen-Disgust-0045,test
qwen-Disgust-0046,test
qwen-Disgust-0047,test
qwen-Disgust-0049,train
qwen-Disgust-0050,train
qwen-Disgust-0051,train
qwen-Disgust-0052,train
qwen-Disgust-0053,test
qwen-Disgust-0054,train
qwen-Disgust-0055,validation
qwen-Disgust-0056,train
qwen-Disgust-0057,validation
qwen-Disgust-0058,train
qwen-Disgust-0059,train
qwen-Disgust-0060,test
qwen-Disgust-0061,train
qwen-Disgust-0062,validation
qwen-Disgust-0063,test
qwen-Disgust-0064,test
qwen-Disgust-0065,train
qwen-Disgust-0066,train
qwen-Disgust-0067,train
qwen-Disgust-0068,train
qwen-Disgust-0069,validation
qwen-Disgust-0070,train
qwen-Disgust-0071,train
qwen-Disgust-0072,train
qwen-Disgust-0074,test
qwen-Disgust-0075,train
qwen-Disgust-0076,train
qwen-Disgust-0077,train
qwen-Disgust-0078,train
qwen-Disgust-0079,validation
qwen-Disgust-0080,train
qwen-Disgust-0081,train
qwen-Disgust-0082,train
qwen-Disgust-0083,validation
qwen-Disgust-0084,validation
qwen-Disgust-0085,train
qwen-Disgust-0086,train
qwen-Disgust-0087,train
qwen-Disgust-0088,train
qwen-Disgust-0089,train
qwen-Disgust-0090,train
qwen-Disgust-0091,test
qwen-Disgust-0092,test
qwen-Disgust-0093,train
qwen-Disgust-0094,test
qwen-Disgust-0095,train
qwen-Disgust-0096,train
qwen-Disgust-0097,train
qwen-Disgust-0098,train
qwen-Disgust-0099,train
qwen-Disgust-0100,validation
qwen-Disgust-0101,validation
qwen-Disgust-0102,train
qwen-Disgust-0103,train
qwen-Disgust-0104,train
qwen-Disgust-0105,train
qwen-Disgust-0106,train
qwen-Disgust-0107,validation
qwen-Disgust-0108,train
qwen-Disgust-0109,test
qwen-Disgust-0110,train
qwen-Disgust-0111,train
qwen-Disgust-0112,train
qwen-Disgust-0113,train
qwen-Disgust-0114,train
qwen-Disgust-0115,train
qwen-Disgust-0116,validation
qwen-Disgust-0117,test
qwen-Disgust-0119,train
qwen-Disgust-0120,train
qwen-Disgust-0121,train
qwen-Disgust-0122,train
qwen-Disgust-0123,test
qwen-Disgust-0124,train
qwen-Disgust-0125,train
qwen-Disgust-0126,validation
qwen-Disgust-0127,validation
qwen-Disgust-0128,train
qwen-Disgust-0129,train
qwen-Disgust-0130,train
qwen-Disgust-0131,train
qwen-Disgust-0132,train
qwen-Disgust-0133,train
qwen-Disgust-0135,train
qwen-Disgust-0136,train
qwen-Disgust-0137,validation
qwen-Disgust-0138,train
qwen-Disgust-0139,train
qwen-Disgust-0140,train
qwen-Disgust-0141,validation
qwen-Disgust-0142,train
qwen-Disgust-0143,train
qwen-Disgust-0144,train
qwen-Disgust-0145,train
qwen-Disgust-0146,train
qwen-Disgust-0147,train
qwen-Disgust-0148,train
qwen-Disgust-0149,test
qwen-Disgust-0150,train
qwen-Disgust-0151,validation
qwen-Disgust-0152,test
qwen-Disgust-0153,train
qwen-Disgust-0154,train
qwen-Disgust-0155,train
qwen-Disgust-0156,train
qwen-Disgust-0157,test
qwen-Disgust-0158,train
qwen-Disgust-0159,validation
qwen-Disgust-0160,train
qwen-Disgust-0161,train
qwen-Disgust-0162,test
qwen-Disgust-0163,train
qwen-Disgust-0164,validation
qwen-Disgust-0165,train
qwen-Disgust-0166,train
qwen-Disgust-0168,train
qwen-Disgust-0169,train
qwen-Disgust-0170,train
qwen-Disgust-0171,train
qwen-Disgust-0172,train
qwen-Disgust-0173,test
qwen-Disgust-0174,test
qwen-Disgust-0175,validation
qwen-Disgust-0176,train
qwen-Disgust-0177,train
qwen-Disgust-0178,train
qwen-Disgust-0179,train
qwen-Disgust-0180,train
qwen-Disgust-0181,test
qwen-Disgust-0182,validation
qwen-Disgust-0183,test
qwen-Disgust-0184,train
qwen-Disgust-0185,train
qwen-Disgust-0186,validation
qwen-Disgust-0187,train
qwen-Disgust-0188,train
qwen-Disgust-0189,train
qwen-Disgust-0190,train
qwen-Disgust-0191,test
qwen-Disgust-0192,train
qwen-Disgust-0193,test
qwen-Disgust-0194,train
qwen-Disgust-0195,train
qwen-Disgust-0196,test
qwen-Disgust-0197,train
qwen-Disgust-0198,train
qwen-Disgust-0199,train
qwen-Disgust-0200,test
qwen-Disgust-0201,train
qwen-Disgust-0202,train
qwen-Disgust-0203,train
qwen-Disgust-0204,test
qwen-Disgust-0205,train
qwen-Disgust-0206,train
qwen-Disgust-0207,train
qwen-Disgust-0208,train
qwen-Disgust-0209,train
qwen-Disgust-0210,train
qwen-Disgust-0211,validation
qwen-Disgust-0214,train
qwen-Disgust-0215,train
qwen-Disgust-0216,train
qwen-Disgust-0217,train
qwen-Disgust-0218,train
qwen-Disgust-0219,train
qwen-Disgust-0220,train
qwen-Disgust-0221,train
qwen-Disgust-0222,validation
qwen-Disgust-0223,test
qwen-Disgust-0224,train
qwen-Disgust-0226,test
qwen-Disgust-0227,train
qwen-Disgust-0228,train
qwen-Disgust-0229,train
qwen-Disgust-0230,train
qwen-Disgust-0231,train
qwen-Disgust-0232,validation
qwen-Disgust-0233,train
qwen-Disgust-0234,validation
qwen-Disgust-0235,test
qwen-Disgust-0236,train
qwen-Disgust-0237,train
qwen-Disgust-0238,train
qwen-Disgust-0239,train
qwen-Disgust-0240,train
qwen-Disgust-0241,train
qwen-Disgust-0242,train
qwen-Disgust-0243,test
qwen-Disgust-0244,train
qwen-Disgust-0245,validation
qwen-Disgust-0246,train
qwen-Disgust-0247,train
qwen-Disgust-0248,train
qwen-Disgust-0249,validation
qwen-Disgust-0250,train
qwen-Disgust-0251,validation
qwen-Disgust-0252,train
qwen-Disgust-0253,train
qwen-Disgust-0254,train
qwen-Disgust-0255,train
qwen-Disgust-0256,train
qwen-Disgust-0257,test
qwen-Disgust-0258,train
qwen-Disgust-0259,test
qwen-Disgust-0260,train
qwen-Disgust-0261,train
qwen-Disgust-0262,train
qwen-Disgust-0263,train
qwen-Disgust-0264,train
qwen-Disgust-0265,train
qwen-Disgust-0266,validation
qwen-Disgust-0267,test
qwen-Disgust-0270,test
qwen-Disgust-0271,test
qwen-Disgust-0272,test
qwen-Disgust-0273,train
qwen-Disgust-0274,train
qwen-Disgust-0275,train
qwen-Disgust-0276,train
qwen-Disgust-0277,validation
qwen-Disgust-0278,train
qwen-Disgust-0279,validation
qwen-Disgust-0280,train
qwen-Disgust-0281,train
qwen-Disgust-0282,train
qwen-Disgust-0283,train
qwen-Disgust-0284,train
qwen-Disgust-0285,train
qwen-Disgust-0286,train
qwen-Disgust-0287,train
qwen-Disgust-0288,train
qwen-Disgust-0289,train
qwen-Disgust-0290,train
qwen-Disgust-0291,train
qwen-Disgust-0292,train
qwen-Disgust-0293,train
qwen-Disgust-0294,test
qwen-Disgust-0295,train
qwen-Disgust-0296,train
qwen-Disgust-0297,train
qwen-Disgust-0298,train
qwen-Disgust-0299,test
qwen-Disgust-0300,validation
qwen-Disgust-0301,train
qwen-Disgust-0302,train
qwen-Disgust-0303,train
qwen-Disgust-0304,validation
qwen-Disgust-0305,train
qwen-Disgust-0306,train
qwen-Disgust-0307,train
qwen-Disgust-0308,validation
qwen-Disgust-0309,train
qwen-Disgust-0310,train
qwen-Disgust-0311,validation
qwen-Disgust-0312,train
qwen-Disgust-0313,train
qwen-Disgust-0314,train
qwen-Disgust-0315,train
qwen-Disgust-0316,train
qwen-Disgust-0317,validation
qwen-Disgust-0318,train
qwen-Disgust-0319,train
qwen-Disgust-0321,validation
qwen-Disgust-0322,validation
qwen-Disgust-0323,train
qwen-Disgust-0324,validation
qwen-Disgust-0325,train
qwen-Disgust-0326,train
qwen-Disgust-0327,validation
qwen-Disgust-0328,train
qwen-Disgust-0329,train
qwen-Disgust-0330,train
qwen-Disgust-0331,train
qwen-Disgust-0332,validation
qwen-Disgust-0333,train
qwen-Disgust-0334,test
qwen-Disgust-0335,train
qwen-Disgust-0336,train
qwen-Disgust-0337,train
qwen-Disgust-0338,train
qwen-Disgust-0339,test
qwen-Disgust-0340,validation
qwen-Disgust-0341,validation
qwen-Disgust-0342,test
qwen-Disgust-0343,train
qwen-Disgust-0344,train
qwen-Disgust-0345,train
qwen-Disgust-0346,train
qwen-Disgust-0347,train
qwen-Disgust-0348,train
qwen-Disgust-0349,validation
qwen-Disgust-0350,train
qwen-Disgust-0351,train
qwen-Disgust-0352,train
qwen-Disgust-0353,train
qwen-Disgust-0354,train
qwen-Disgust-0355,test
qwen-Disgust-0356,train
qwen-Disgust-0357,validation
qwen-Disgust-0358,train
qwen-Disgust-0359,test
qwen-Disgust-0360,validation
qwen-Disgust-0361,train
qwen-Disgust-0362,train
qwen-Disgust-0363,train
qwen-Disgust-0364,train
qwen-Disgust-0365,train
qwen-Disgust-0366,train
qwen-Disgust-0367,train
qwen-Disgust-0368,test
qwen-Disgust-0369,train
qwen-Disgust-0370,train
qwen-Disgust-0372,train
qwen-Disgust-0373,train
qwen-Disgust-0374,validation
qwen-Disgust-0375,train
qwen-Disgust-0376,test
qwen-Disgust-0377,train
qwen-Disgust-0378,validation
qwen-Disgust-0379,train
qwen-Disgust-0380,validation
qwen-Disgust-0382,validation
qwen-Disgust-0383,train
qwen-Disgust-0384,test
qwen-Disgust-0385,validation
qwen-Disgust-0387,test
qwen-Disgust-0388,train
qwen-Disgust-0389,train
qwen-Disgust-0391,train
qwen-Disgust-0392,train
qwen-Disgust-0393,train
qwen-Disgust-0394,train
qwen-Disgust-0395,test
qwen-Disgust-0396,train
qwen-Disgust-0397,train
qwen-Disgust-0398,train
qwen-Disgust-0399,train
qwen-Surprise-0000,train
qwen-Surprise-0001,train
qwen-Surprise-0002,test
qwen-Surprise-0003,train
qwen-Surprise-0004,train
qwen-Surprise-0005,train
qwen-Surprise-0006,train
qwen-Surprise-0007,train
qwen-Surprise-0008,test
qwen-Surprise-0009,train
qwen-Surprise-0010,train
qwen-Surprise-0012,test
qwen-Surprise-0013,validation
qwen-Surprise-0014,test
qwen-Surprise-0015,train
qwen-Surprise-0016,validation
qwen-Surprise-0018,train
qwen-Surprise-0019,train
qwen-Surprise-0020,train
qwen-Surprise-0021,train
qwen-Surprise-0022,train
qwen-Surprise-0023,train
qwen-Surprise-0024,test
qwen-Surprise-0025,train
qwen-Surprise-0026,train
qwen-Surprise-0027,train
qwen-Surprise-0028,validation
qwen-Surprise-0029,validation
qwen-Surprise-0030,train
qwen-Surprise-0031,train
qwen-Surprise-0033,train
qwen-Surprise-0034,train
qwen-Surprise-0035,train
qwen-Surprise-0036,train
qwen-Surprise-0037,train
qwen-Surprise-0038,train
qwen-Surprise-0039,validation
qwen-Surprise-0040,test
qwen-Surprise-0041,validation
qwen-Surprise-0042,train
qwen-Surprise-0043,train
qwen-Surprise-0044,train
qwen-Surprise-0045,train
qwen-Surprise-0046,train
qwen-Surprise-0047,test
qwen-Surprise-0048,test
qwen-Surprise-0049,train
qwen-Surprise-0050,validation
qwen-Surprise-0051,train
qwen-Surprise-0052,test
qwen-Surprise-0053,validation
qwen-Surprise-0054,test
qwen-Surprise-0055,train
qwen-Surprise-0056,test
qwen-Surprise-0057,train
qwen-Surprise-0058,train
qwen-Surprise-0059,test
qwen-Surprise-0060,train
qwen-Surprise-0061,train
qwen-Surprise-0062,train
qwen-Surprise-0063,train
qwen-Surprise-0066,train
qwen-Surprise-0067,test
qwen-Surprise-0068,train
qwen-Surprise-0069,train
qwen-Surprise-0070,train
qwen-Surprise-0071,train
qwen-Surprise-0072,test
qwen-Surprise-0073,train
qwen-Surprise-0074,train
qwen-Surprise-0075,test
qwen-Surprise-0076,train
qwen-Surprise-0077,validation
qwen-Surprise-0079,train
qwen-Surprise-0081,validation
qwen-Surprise-0083,train
qwen-Surprise-0084,validation
qwen-Surprise-0085,validation
qwen-Surprise-0086,validation
qwen-Surprise-0087,train
qwen-Surprise-0089,train
qwen-Surprise-0090,train
qwen-Surprise-0091,test
qwen-Surprise-0092,train
qwen-Surprise-0093,train
qwen-Surprise-0094,train
qwen-Surprise-0095,train
qwen-Surprise-0096,validation
qwen-Surprise-0097,train
qwen-Surprise-0098,validation
qwen-Surprise-0099,test
qwen-Surprise-0100,validation
qwen-Surprise-0101,train
qwen-Surprise-0102,train
qwen-Surprise-0103,train
qwen-Surprise-0104,test
qwen-Surprise-0105,train
qwen-Surprise-0106,train
qwen-Surprise-0107,train
qwen-Surprise-0109,train
qwen-Surprise-0110,train
qwen-Surprise-0111,test
qwen-Surprise-0112,train
qwen-Surprise-0114,train
qwen-Surprise-0115,validation
qwen-Surprise-0116,train
qwen-Surprise-0117,train
qwen-Surprise-0118,train
qwen-Surprise-0119,train
qwen-Surprise-0120,train
qwen-Surprise-0121,validation
qwen-Surprise-0122,validation
qwen-Surprise-0123,train
qwen-Surprise-0124,test
qwen-Surprise-0125,train
qwen-Surprise-0126,train
qwen-Surprise-0127,train
qwen-Surprise-0128,train
qwen-Surprise-0129,train
qwen-Surprise-0130,train
qwen-Surprise-0131,test
qwen-Surprise-0132,train
qwen-Surprise-0133,train
qwen-Surprise-0134,train
qwen-Surprise-0135,train
qwen-Surprise-0136,train
qwen-Surprise-0137,validation
qwen-Surprise-0138,test
qwen-Surprise-0139,train
qwen-Surprise-0140,train
qwen-Surprise-0141,train
qwen-Surprise-0142,train
qwen-Surprise-0143,validation
qwen-Surprise-0144,train
qwen-Surprise-0145,train
qwen-Surprise-0146,train
qwen-Surprise-0148,validation
qwen-Surprise-0149,train
qwen-Surprise-0150,train
qwen-Surprise-0151,train
qwen-Surprise-0152,train
qwen-Surprise-0153,test
qwen-Surprise-0154,train
qwen-Surprise-0155,train
qwen-Surprise-0156,train
qwen-Surprise-0157,train
qwen-Surprise-0158,validation
qwen-Surprise-0159,train
qwen-Surprise-0160,validation
qwen-Surprise-0161,train
qwen-Surprise-0163,test
qwen-Surprise-0164,train
qwen-Surprise-0165,test
qwen-Surprise-0166,train
qwen-Surprise-0168,test
qwen-Surprise-0169,test
qwen-Surprise-0170,validation
qwen-Surprise-0171,train
qwen-Surprise-0172,train
qwen-Surprise-0173,train
qwen-Surprise-0174,train
qwen-Surprise-0175,train
qwen-Surprise-0176,train
qwen-Surprise-0177,train
qwen-Surprise-0178,train
qwen-Surprise-0179,train
qwen-Surprise-0180,validation
qwen-Surprise-0181,train
qwen-Surprise-0182,train
qwen-Surprise-0184,train
qwen-Surprise-0185,train
qwen-Surprise-0186,train
qwen-Surprise-0187,train
qwen-Surprise-0188,train
qwen-Surprise-0189,train
qwen-Surprise-0190,train
qwen-Surprise-0191,train
qwen-Surprise-0192,train
qwen-Surprise-0193,validation
qwen-Surprise-0194,train
qwen-Surprise-0195,train
qwen-Surprise-0196,train
qwen-Surprise-0198,train
qwen-Surprise-0199,train
qwen-Other-0000,train
qwen-Other-0002,validation
qwen-Other-0004,train
qwen-Other-0005,train
qwen-Other-0006,validation
qwen-Other-0007,train
qwen-Other-0008,train
qwen-Other-0009,train
qwen-Other-0011,train
qwen-Other-0013,train
qwen-Other-0014,test
qwen-Other-0015,test
qwen-Other-0017,train
qwen-Other-0018,train
qwen-Other-0019,validation
qwen-Other-0020,train
qwen-Other-0021,train
qwen-Other-0025,train
qwen-Other-0026,train
qwen-Other-0028,train
qwen-Other-0029,train
qwen-Other-0030,train
qwen-Other-0031,train
qwen-Other-0032,test
qwen-Other-0033,train
qwen-Other-0034,train
qwen-Other-0035,validation
qwen-Other-0036,train
qwen-Other-0037,train
qwen-Other-0039,train
qwen-Other-0040,train
qwen-Other-0042,validation
qwen-Other-0043,train
qwen-Other-0045,train
qwen-Other-0046,train
qwen-Other-0047,validation
qwen-Other-0048,train
qwen-Other-0049,validation
qwen-Other-0051,train
qwen-Other-0052,test
qwen-Other-0053,train
qwen-Other-0054,train
qwen-Other-0055,train
qwen-Other-0056,train
qwen-Other-0057,train
qwen-Other-0059,train
qwen-Other-0060,train
qwen-Other-0061,train
qwen-Other-0063,train
qwen-Other-0064,train
qwen-Other-0067,test
qwen-Other-0068,train
qwen-Other-0070,train
qwen-Other-0071,train
qwen-Other-0072,train
qwen-Other-0074,train
qwen-Other-0075,validation
qwen-Other-0076,train
qwen-Other-0077,train
qwen-Other-0078,train
qwen-Other-0079,test
qwen-Other-0080,validation
qwen-Other-0081,train
qwen-Other-0082,test
qwen-Other-0083,train
qwen-Other-0084,train
qwen-Other-0085,train
qwen-Other-0087,train
qwen-Other-0088,train
qwen-Other-0089,train
qwen-Other-0090,train
qwen-Other-0091,train
qwen-Other-0093,train
qwen-Other-0094,train
qwen-Other-0095,train
qwen-Other-0096,train
qwen-Other-0097,train
qwen-Other-0099,test
qwen-Other-0101,test
qwen-Other-0102,train
qwen-Other-0103,validation
qwen-Other-0104,train
qwen-Other-0105,train
qwen-Other-0106,train
qwen-Other-0107,test
qwen-Other-0109,train
qwen-Other-0111,train
qwen-Other-0112,train
qwen-Other-0113,train
qwen-Other-0114,train
qwen-Other-0115,validation
qwen-Other-0116,test
qwen-Other-0117,train
qwen-Other-0118,train
qwen-Other-0119,train
qwen-Other-0120,test
qwen-Other-0121,train
qwen-Other-0122,test
qwen-Other-0123,train
qwen-Other-0125,test
qwen-Other-0127,train
qwen-Other-0129,validation
qwen-Other-0130,validation
qwen-Other-0131,test
qwen-Other-0132,train
qwen-Other-0133,train
qwen-Other-0134,train
qwen-Other-0135,train
qwen-Other-0136,train
qwen-Other-0137,train
qwen-Other-0138,test
qwen-Other-0140,train
qwen-Other-0141,train
qwen-Other-0142,test
qwen-Other-0143,validation
qwen-Other-0144,validation
qwen-Other-0146,train
qwen-Other-0147,train
qwen-Other-0148,validation
qwen-Other-0149,train
qwen-Other-0150,train
qwen-Other-0151,train
qwen-Other-0152,validation
qwen-Other-0153,train
qwen-Other-0154,train
qwen-Other-0155,train
qwen-Other-0156,validation
qwen-Other-0157,train
qwen-Other-0158,test
qwen-Other-0159,train
qwen-Other-0160,validation
qwen-Other-0161,validation
qwen-Other-0162,train
qwen-Other-0163,train
qwen-Other-0164,validation
qwen-Other-0165,train
qwen-Other-0166,test
qwen-Other-0167,train
qwen-Other-0168,train
qwen-Other-0169,train
qwen-Other-0170,train
qwen-Other-0171,test
qwen-Other-0172,validation
qwen-Other-0173,train
qwen-Other-0176,train
qwen-Other-0177,train
qwen-Other-0178,test
qwen-Other-0179,train
qwen-Other-0181,train
qwen-Other-0182,validation
qwen-Other-0183,test
qwen-Other-0185,test
qwen-Other-0186,validation
qwen-Other-0187,train
qwen-Other-0188,train
qwen-Other-0189,train
qwen-Other-0190,train
qwen-Other-0191,test
qwen-Other-0192,train
qwen-Other-0193,test
qwen-Other-0195,train
qwen-Other-0196,train
qwen-Other-0197,train
qwen-Other-0198,validation
qwen-Other-0199,train
