stt,text,label
1,"Tôi vừa thấy một bài đăng trên Facebook của cô bạn gái cũ nói xấu tôi trước mặt mọi người. Cô ấy cho rằng tôi đã ""quay cuồng"" vì việc chúng ta chia tay. Tôi không thể tin nổi cô ấy có thể nói những gì như thế. Cô ấy biết rất rõ mình đã làm gì sai khi rời khỏi mối quan hệ đó, nhưng vẫn phải tìm cách đổ lỗi cho tôi. Tôi thật là bực mình vì phải chứng kiến việc đó. Tại sao cô ấy lại phải làm vậy? Tôi nghĩ cô ấy chỉ muốn gây khó chịu cho tôi mà thôi.",Anger
2,"Hôm nay tôi thật bực mình khi nghe tin bác sĩ tư vấn cho mẹ tôi uống thuốc mới mà không thông báo cho tôi trước. Mẹ tôi đã bị bệnh mãn tính từ nhiều năm nay và luôn tuân thủ theo lịch uống thuốc mà bác sĩ quy định. Tôi luôn giữ liên lạc với bác sĩ để cập nhật thông tin về sức khỏe của mẹ mình.

Nhưng hôm nay, tôi nhận được cuộc gọi từ phòng khám, thông báo cho tôi biết rằng bác sĩ đã thay đổi loại thuốc mà mẹ tôi uống. Tôi không hiểu tại sao họ lại không thông báo cho tôi trước, đặc biệt là khi tôi là người chăm sóc hàng ngày của mẹ mình. Tôi cảm thấy rất bất an khi phải tìm hiểu về loại thuốc mới mà không có sự hỗ trợ nào từ phía phòng khám.

Tôi đã phải dành cả ngày để tìm kiếm thông tin về loại thuốc mới và xác minh xem nó có phù hợp với mẹ mình hay không. Quá trình này thực sự rất tốn thời gian và khiến tôi cảm thấy căng thẳng. Tôi chỉ mong rằng phòng khám có thể thông báo cho tôi trước khi thay đổi loại thuốc, để tôi có thể hỗ trợ mẹ mình tốt hơn.",Anger
3,"Hôm nay, tôi gặp lại anh Tín sau nhiều tháng không nhìn thấy nhau. Chúng tôi đi học cùng lớp hồi đó, nhưng sau khi ra trường, anh ấy chuyển sang công ty khác và tôi chuyển sang một nơi khác nữa. Vì vậy, chúng tôi không còn gặp gỡ thường xuyên. Hôm nay, anh ấy có mặt tại bữa tiệc của gia đình tôi để chúc mừng ngày kỷ niệm 20 năm hôn nhân của bố mẹ tôi.

Khi tôi thấy anh ấy bước vào nhà, tôi chỉ mỉm cười nhẹ và nói chuyện với anh ấy theo kiểu bình thường mà không có gì đặc biệt. Tôi không biết anh ấy có nhớ tôi không, nhưng khi nhìn vào mắt anh ấy, tôi vẫn thấy một chút thân thuộc và quen thuộc. Chúng tôi nói chuyện một lúc, nói về công việc, gia đình, những điều thường ngày mà không có gì đặc biệt.

Tôi không biết làm sao để bắt đầu cuộc trò chuyện sâu sắc hơn, nhưng anh ấy cũng không có vẻ muốn nói về điều gì nghiêm túc. Tôi nghĩ có lẽ chúng tôi đã quá quen thuộc, nên không cần phải nói về những điều sâu sắc. Cuộc trò chuyện của chúng tôi vẫn diễn ra bình thường, không có gì đặc biệt xảy ra.",Other
4,"Mấy ngày nay cứ nghe anh kể chuyện đi chơi với người khác, rồi còn chụp ảnh kiểu như đang yêu, ghê quá trời, cái cảm giác buồn nôn và khinh ghét cứ trào ngược lên từng giọt.",Disgust
5,"Sáng nay đi học thấy lớp mình có ai đó dám làm bài kiểm tra môn Toán trước cả lớp. Mình thì vẫn cứ ngồi im, đợi đến khi cô đọc hết đề rồi mới cất sách ra. Đúng lúc ấy, tay mình run nhẹ, mồ hôi toát cả lên. Nhìn đồng hồ cũng đã quá thời gian, mình không kịp nữa. Thấy mấy đứa trong lớp cười nhạt, mình cố gắng giữ bình tĩnh, nhưng lòng vẫn thấy nóng lòng. Cuối cùng, mình cũng nộp bài rồi, không biết có đúng không, nhưng ít nhất cũng không để mình lỡ mất cơ hội.",Other
6,"Ngày hôm nay trời nắng vàng óng, gió nhẹ thổi qua sân vườn khiến tôi thấy dễ chịu vô cùng. Tôi vừa phơi sách ra ngoài, vừa ngắm những cánh hoa cúc vàng rực giữa nắng, lòng tôi bỗng thấy nhẹ nhõm và hân hoan. Không khí trong lành, mọi thứ như chậm lại, tôi cảm nhận được sự yên bình của mùa thu dịu dàng.",Enjoyment
7,"Hôm nay đi siêu thị mua đồ ăn, tôi thấy cái túi đựng rau củ bị rách, máu meo meo, mà không biết là máu người hay máu bò. Nhìn vào cái túi ấy, tôi tưởng tượng nó đã được đựng ở nơi nào đó, có lẽ là trong kho lạnh, nhưng không, chắc là trong nhà bếp ai đó. Tôi vội vàng bỏ đi, nhưng tay run rẩy vì sợ cái túi đó đã từng tiếp xúc với cái gì đó không sạch sẽ. Rồi tôi nghĩ, nếu mình ăn cái rau ấy thì có thể bị nhiễm khuẩn, bị sốt, bị nhập viện, bị cắt tay, thậm chí… bị biến thành xác ướp. Mình không biết mình đang sợ cái gì, nhưng chắc chắn là không phải cái rau.",Disgust
8,"Ngày hôm nay, mẹ lại cất tiếng la hét giữa bữa cơm, chỉ vì tôi dám nói ra suy nghĩ của mình. Những gì tôi thấy, tôi biết, nhưng mẹ cứ im lặng, để những điều sai trái tiếp diễn. Tôi không hiểu tại sao mẹ không dám đứng lên bảo vệ lẽ phải, thay vào đó chọn im lặng, để người khác làm tổn thương người thân của mình.",Disgust
9,"Chiều nay gặp bạn cũ ở quán cà phê, thấy nó cầm cái bát đựng thức ăn vặt, không rửa sạch, ngửi vào thật khó chịu. Tôi im lặng quay đi, lòng đầy rùng rợn.",Disgust
10,"Chiều nay, em gọi anh ấy một lần nữa, nhưng điện thoại vang lên mấy hồi rồi im bặt. Em cố gắng không khóc, nhưng lòng vẫn rỗng tuếch, như cái gì đó quan trọng đã trôi mất giữa không trung.",Sadness
11,"Sáng nay anh ấy lại bắt đầu làm việc mà không hỏi ý kiến tôi, tự ý thay đổi kế hoạch khiến cả nhóm hoang mang. Tôi đã cố gắng nói chuyện nhưng anh ấy chỉ lắc đầu, thái độ như thể tôi chẳng có quyền gì. Đúng là kiểu người không biết tôn trọng đồng nghiệp.",Anger
12,"Tối nay cả nhà ăn cơm như thường lệ, nhưng mẹ nấu món tôi thích nhất, cá sốt me. Ba thì thỉnh thoảng lại kể chuyện xưa, cười ha hả. Chị gái cũng cười rộn ràng vì thấy tôi ăn ngấu nghiến. Không khí ấm áp quá, lòng tôi cứ nhẹ nhõm, như được trút bỏ cái mệt mỏi suốt tuần.",Enjoyment
13,"Sáng nay tôi đến bệnh viện khám sức khỏe định kỳ như thường lệ. Khi chờ xếp hàng, tôi thấy một người đàn ông lớn tuổi đang cởi áo khoác, để lộ một vết loét trên lưng. Ông ta không che giấu, thậm chí còn cười nói với những người xung quanh. Tôi cảm thấy vô cùng khó chịu, không hiểu sao người ta lại có thể đối xử với cơ thể mình như vậy. Đôi mắt tôi bắt gặp sự thờ ơ của người đó, như thể cái chết đang cận kề cũng chẳng khiến họ lo lắng. Tôi muốn la mắng, muốn nhắc nhở, nhưng không biết nên bắt đầu từ đâu.",Disgust
14,"Ngày hôm nay tôi lại một lần nữa bị boss khen vì... cái gì? À, là vì tôi đã làm xong báo cáo mà không cần phải nhờ ai. Nhưng mà thật ra là tôi copy từ mạng, sửa vài chữ rồi dán vào. Khi boss hỏi thì tôi nói là ""đã tự viết"", không ngờ boss lại tin. Bây giờ tôi đang cố gắng không để lộ ra rằng mình từng ""tự viết"" một cách đầy sáng tạo. Đúng là công việc thực tập cũng có lúc khiến tôi muốn bỏ cuộc, nhưng vẫn phải giả vờ đi tiếp.",Surprise
15,"Tôi vừa trở về nhà sau một ngày làm việc, chỉ để thấy rằng người hàng xóm đã đổ rác thải ra vỉa hè mà không bao giờ vứt vào thùng rác. Tôi nhìn xung quanh và thấy rằng rác thải đã phủ đầy vỉa hè, tạo nên một cảnh tượng khó coi. Tôi không thể tin được mà họ lại làm vậy. Có lẽ họ không biết rằng việc vứt rác vào vỉa hè là một hành động vô đạo đức, không chỉ gây ô nhiễm môi trường mà còn làm mất đi vẻ đẹp của khu phố. Tôi đã cố gắng giữ bình tĩnh, nhưng lòng tôi không thể chấp nhận được điều này. Tôi đã quyết định viết một lá thư để yêu cầu họ vệ sinh khu vực và không lặp lại hành động này nữa.",Disgust
16,"Ngày hôm nay, tôi không biết vì sao lại cảm thấy lo lắng đến lạ. Anh Hùng nhắn tin hỏi tôi có phải đang gặp khó khăn gì không, giọng anh nhẹ nhàng nhưng tôi nghe ra sự quan tâm quá mức. Tôi cố giấu, nhưng lòng vẫn day dứt. Có lẽ tôi đang dần xa cách những người thân, mà tôi không nhận ra.",Fear
17,"Chiều hôm qua, tôi đang ngồi yên bên cửa sổ, ngắm những giọt mưa rơi từng trận như đồng lòng, thì bỗng thấy một tia nắng lọt qua khe cửa, rực rỡ giữa màn mưa. Tôi ngẩn người, không kịp che mắt, cứ lặng lẽ ngước lên, như bị đánh lừa bởi sự bất ngờ của thiên nhiên.",Enjoyment
18,"Tôi đang ngồi trong phòng, nhìn vào tài khoản ngân hàng của mình trên máy tính. Con số đó cứ như một đòn đánh vào tôi, làm tôi cảm thấy như đang đứng dưới sông, không biết khi nào sẽ bị cuốn trôi. Chi phí sinh hoạt tăng cao, thu nhập không theo kịp, tôi đang cố gắng cân bằng giữa chi tiêu và tiết kiệm. Nhưng bây giờ, với con số đỏ trước mắt, tôi không thể tin được mình đã làm gì sai. Tôi vừa nhận được thông báo từ phía ngân hàng về việc dư nợ tiền vay của tôi đã vượt quá giới hạn cho phép. Tôi nhớ rằng tôi đã vay tiền để mua một chiếc ô tô mới, nhưng bây giờ nó giống như một món nợ khổng lồ không thể trả nổi. Tôi cảm thấy như đang đứng trên rạn đá, không biết khi nào sẽ bị trượt khỏi vị trí an toàn. Tôi phải tìm cách để trả nợ, nhưng không biết bắt đầu từ đâu. Tôi cảm thấy sức ép, bất an và không thể yên tâm trong bất kỳ giây phút nào.",Fear
19,"Chiều nay mẹ bảo mình phải kiểm tra lại sổ tiền điện thoại vì tháng trước bị trừ 50k mà không biết lý do. Mình lật tung cái ví, đếm từng đồng, rồi phát hiện ra mình đã dùng thử app mới mà không biết, nó tự mua 2 cái sticker giá 25k. Mình cố nhớ xem lúc nào thì bị trừ, nhưng đầu óc toàn nghĩ đến việc tối nay phải đi chơi với bạn. Mình không buồn cũng không vui, chỉ thấy hơi bất ngờ và hơi ngại. Mình quyết định sẽ nói với mẹ vào tối nay, dù không muốn.",Surprise
20,"Hôm nay, tôi nhận được thông báo từ ngân hàng về việc thu phí bảo hiểm tài chính của chúng tôi. Tôi đã quên đăng ký chương trình này và phải trả một khoản phí phạt. Tôi đã cân nhắc và quyết định thanh toán số tiền đó ngay lập tức để tránh các khoản phí lãi suất phát sinh sau này. Tôi đã chuyển tiền vào tài khoản ngân hàng và hoàn thành thủ tục. Bây giờ, mọi thứ đều ổn và tôi có thể yên tâm. Tôi sẽ nhớ kiểm tra thông tin về phí bảo hiểm tài chính của mình thường xuyên hơn.",Other
21,"Tôi vừa nhận được tin tức rằng nhà máy xử lý chất thải gần nhà tôi sắp bị đóng cửa vì không đáp ứng được tiêu chuẩn an toàn. Tôi lo lắng về việc nước thải độc hại sẽ chảy ra sông ngay cạnh nhà chúng tôi. Nếu tình trạng này tiếp diễn, có thể ảnh hưởng đến sức khỏe của cả gia đình tôi và những người sống xung quanh.",Fear
22,"Hôm nay, tôi vừa nhận được thông báo từ công ty về việc tăng lương nhưng lại giảm mức hỗ trợ chi phí. Tôi đã phải tính toán kỹ lưỡng trước khi quyết định làm thế nào để cân đối chi tiêu trong tháng này. Nhưng khi nhìn vào tài khoản ngân hàng, tôi chỉ thấy số tiền ngày càng ít dần. Tôi cảm thấy khó khăn khi phải cắt giảm những thứ nhỏ nhặt nhưng mang lại niềm vui cho cuộc sống, như đi xem phim hoặc uống cà phê với bạn bè. Tôi biết rằng cuộc sống không phải lúc nào cũng dễ dàng, nhưng đôi khi tôi chỉ muốn có một chút thoải mái trong cuộc sống mà thôi.",Sadness
23,"Ngày nay mình thật sự muốn đánh nhau. Bọn họ cứ làm như mình không có mặt ở đây, không thèm hỏi han, không thèm hỗ trợ. Mình cố gắng hết sức nhưng họ chỉ biết cười cợt, coi mình như không. Mình đã đủ kiên nhẫn rồi, sao họ không hiểu mình đang cố gắng? Mình không muốn nữa, cứ để họ tiếp tục làm việc như mọi khi đi.",Anger
24,"Sáng nay đi làm muộn vì tắc đường, đến văn phòng thấy đồng nghiệp đã vào làm rồi. Tôi nhẹ nhàng hỏi xin mật khẩu máy tính, rồi bắt đầu làm việc như thường.",Other
25,"Tôi đang ngồi tại phòng học, tay cầm bút, mắt nhìn vào đề thi đại học. Mình vừa nhận được giấy tham gia thi vào trường đại học yêu thích, nhưng cảm giác bất an vẫn không chịu giảm đi. Cứ tưởng tượng mình thất bại, phải về nhà, bố mẹ lo lắng, anh chị em thân yêu cũng không khỏi trách móc. Thế là mình trở thành con nợ, suốt ngày không dám gặp mặt bạn bè, để tránh những câu hỏi khó xử. Mình sẽ phải đi xin việc, nhưng làm gì có khả năng được tuyển dụng? Chưa kể đến việc bị ép xin giảm lương, làm việc không đúng chuyên môn. Bây giờ mình mới bắt đầu sinh viên, mà đã phải nghĩ về những điều này. Cảm giác buồn rầu, chỉ biết ngẩng cao đầu, cố gắng ôm đồm lấy mọi thứ, rồi cố gắng vượt qua những thử thách.",Fear
26,"Mình vừa bị ngất tại trường, tưởng mình bị sa sút sức khỏe mà không hay biết. Mắt hoa cả lên, đầu óc trống rỗng, chỉ kịp nghĩ mình có phải bị say nắng không.",Sadness
27,"Hôm nay em thấy rùng rợn quá trời. Mình và Huy đi chơi như thường lệ, nhưng Huy cứ nhìn em kiểu như có gì đó giấu. Rồi tối qua em nhắn tin hỏi chuyện, Huy im lặng ko trả lời. Em nghĩ chắc do mình nói chuyện gì đó hơi nặng nề. Nhưng hôm nay em thấy Huy nhắn tin cho bạn khác, ánh mắt lạnh tanh. Em tưởng mình hiểu nhầm, nhưng sao cứ thấy tim đập thình thịch. Có lẽ mình nên giữ khoảng cách, dù hơi ngại. Nhưng mà sao lại sợ đến thế?",Fear
28,"Tôi vừa đi siêu thị và gặp một vấn đề thật là không ổn. Tôi đã chờ đợi để checkout nhưng nhân viên quét hàng đã quên lấy sản phẩm của tôi trong giỏ, vậy mà khi tôi nhắc anh ta thì anh ta còn bảo tôi nhầm lẫn. Tôi thật là bực tức khi thấy anh ta không hề xin lỗi, chỉ biết nói tôi nên kiểm tra lại. Tôi không thể tin được có thể xảy ra chuyện như thế nào đó.",Anger
29,Tôi đang chờ đợi kết quả xét nghiệm sức khỏe của con tôi. Ông bác sĩ vừa đưa ra kết quả ban đầu và nói rằng chúng tôi cần phải chờ đợi kết quả cuối cùng sau khi xét nghiệm lại. Tôi cảm thấy không an tâm vì con tôi đã bị ốm nhiều lần gần đây và tôi sợ rằng có thể có vấn đề nghiêm trọng hơn. Tôi đang cố gắng giữ bình tĩnh nhưng không thể giúp bản thân khỏi những suy nghĩ xấu về tương lai. Tôi chỉ mong muốn con tôi được khỏe mạnh trở lại càng sớm càng tốt.,Fear
30,"Chiều nay đăng ảnh con mèo nhảy đầm lên cái ghế cao, ai cũng cười ngất, cả mẹ chồng còn khen ""cháu thông minh quá"", tôi thì thầm: ""Con mèo thông minh, chứ cháu thì toàn đăng ảnh nhầm hình nền.",Enjoyment
31,"Hôm nay đi học về thấy tớ đợi mình ở cổng, cười hi hi, nói ""đi ăn gì không?"" Mình vui quá, chạy theo mà chân run.",Enjoyment
32,"Chiều nay thấy cái tin nhắn cuối cùng của anh ấy bị xóa, lòng nặng trĩu. Mình đã cố gắng giữ lại những khoảnh khắc xưa, nhưng giờ tất cả chỉ còn là bóng ma. Mỗi lần lướt qua trang cũ, tim lại đớn đau. Có lẽ, những điều ta từng tin tưởng cũng có ngày tan theo thời gian.",Sadness
33,"Sáng nay, tôi phát hiện ra một người hàng xóm đã vô tình vứt rác thải y tế xuống thùng rác chung, bên cạnh những túi nilon đựng thức ăn. Tôi rất giận vì hành động đó không chỉ thiếu ý thức mà còn có thể gây nguy hiểm cho sức khỏe cộng đồng. Tôi đã nhẹ nhàng nhắc nhở họ, nhưng họ tỏ ra vô cảm và bất kính. Tôi thật sự không hiểu tại sao người ta lại không quan tâm đến sự an toàn của người khác như thế.",Anger
34,"Tôi đang nằm trên giường, tay tôi nắm chặt điện thoại trong lòng. Tối qua, tôi đã vô tình chia sẻ một tin nhắn cá nhân với cả nhóm bạn bè trên Facebook. Mình chỉ muốn hỏi ý kiến một người bạn về một vấn đề nhỏ, nhưng rồi mình đã nhấn nhầm nút chia sẻ. Giờ thì tin nhắn đó đã được mọi người thấy và bình luận. Mình cảm thấy như đang bị đặt lên bàn cân, phải chịu sự giám sát và đánh giá của tất cả mọi người. Tôi biết mình không thể xoá tin nhắn đó, và giờ thì mọi người đã bắt đầu để ý đến chuyện này. Tôi không thể tưởng tượng nổi những câu bình luận sẽ thế nào, và mình chỉ mong chờ được mọi người không để ý tới chuyện này. Thật khó chịu khi mình phải đối mặt với những điều không thể lường trước.",Fear
35,"Ngày hôm nay thật sự là một ngày buồn. Tôi ngồi trong phòng làm việc, nhìn đồng hồ đếm ngược đến giờ nghỉ, mà lòng chẳng còn chút hứng thú. Dự án cuối cùng cũng bị hủy bỏ vì thiếu nhân sự, và tôi được thông báo sẽ không được tiếp tục thực tập. Cả tuần qua, tôi đã cố gắng hết sức, nhưng dường như mọi thứ vẫn không đủ. Tôi mỉm cười gật đầu, nhưng trong lòng đầy lo lắng và bất lực. Không có ai để hỏi, không có ai để trao đổi, chỉ còn lại những email không được hồi đáp và những dự án chưa hoàn thành. Tôi cảm thấy như đang lạc lối giữa một nơi quá xa lạ, không biết mình nên hướng về đâu.",Sadness
36,"Tôi đang nằm trên giường, nhìn ra ngoài cửa sổ thấy những giọt mưa nhỏ rơi xuống. Mùa hè đã đến, nhưng không khí lại lạnh lắm. Tôi nhớ ngày cuối tuần rảnh rang, có thể ra ngoài chơi với bạn bè, đi biển hoặc tham gia các hoạt động ngoài trời. Bây giờ thì sao? Tôi chỉ muốn nằm im và xem phim trên TV, không muốn làm gì khác cả. Tôi thầm tự trách mình vì không thể tổ chức được những hoạt động mà mình mong muốn. Mưa không ngừng rơi, như thể nó đang nói chuyện với tôi về thất vọng của mình.",Sadness
37,"Mấy hôm trước mình mua cái máy lọc nước tầm 5 triệu, tưởng là đồ tốt, đắt tiền thì chất lượng cũng phải đảm bảo. Nhưng hôm nay mình phát hiện ra nó bị rò rỉ nước, rồi kiểm tra lại mới biết nó đã qua sử dụng, bị đổi mã, không phải hàng mới. Mình tức quá, không hiểu sao shop không kiểm tra kỹ trước khi bán. Mình muốn điếu, muốn đòi lại tiền, nhưng lại ngại vì sợ mất công. Cái cảm giác bị lừa mà không biết làm sao, thật là khó chịu. Mình đang tính sẽ điếu luôn cái máy đó, chứ không bao giờ dùng nữa.",Anger
38,"Tôi vừa thức dậy từ giấc mơ mà trong đó tôi đã đạt điểm cao trong kỳ thi đại học. Tôi còn nhớ rõ hình ảnh mình bước lên sân khấu nhận diploma, nhưng rồi tôi lại tỉnh dậy và phát hiện ra mình vẫn đang nằm trong phòng, chưa từng bước vào trường thi. Tôi không hiểu tại sao não tôi lại có thể nghĩ ra được một thứ như vậy. Tôi phải là ai? Một người giấc mơ phi thường?",Other
39,"Tôi vẫn còn nhớ rõ ràng khi tôi vừa nhận được tin nhắn từ nhà trường hôm nay. Tôi vừa bước vào lớp sau giờ học, vừa muốn ngồi xuống và bắt đầu làm bài tập khi cô giáo của chúng tôi bước vào và nói rằng đã có một người nộp đơn xin tham gia chương trình trao đổi sinh viên của trường trong kỳ nghỉ sắp tới. Tôi không thể tin được rằng tôi đã được chọn, rằng tôi sắp được đi du học tại nước ngoài, nơi mà tôi luôn mơ ước được đến. Tôi nhớ lại những đêm dài nằm trên giường, nhìn lên tấm ảnh trên tường của trường đại học Mỹ, và nghĩ rằng sẽ chẳng bao giờ có cơ hội để đến đó. Nhưng rồi, có lẽ do số phận có tình yêu thương nên mọi thứ đã thay đổi. Tôi vẫn còn hơi khó tin và không thể nói được gì khác ngoài sự bất ngờ và ngạc nhiên khi nghĩ về tất cả những gì sắp xảy ra. Tôi sẽ phải chuẩn bị rất nhiều thứ trong thời gian tới, nhưng ở đây, tôi chỉ muốn tận hưởng khoảnh khắc này và suy ngẫm về sự bất ngờ của cuộc sống. Tôi đã đặt câu hỏi cho chính mình về tương lai của mình trong rất nhiều lần, và cuối cùng thì đã có câu trả lời. Tôi cảm thấy mình đã sẵn sàng để đối mặt với những thách thức và thử thách mới.",Surprise
40,"Hôm nay tôi đã có một buổi học tại trường đại học. Tôi đến lớp sớm, khoảng 15 phút trước giờ học bắt đầu. Khi đó, tôi thấy giáo sư đang chuẩn bị bài giảng trên bàn giảng của mình. Tôi ngồi vào chỗ và bắt đầu xem xét tài liệu học tập mà mình cần chuẩn bị. Giáo sư bắt đầu giảng bài sau khi giờ học bắt đầu và tôi chú ý lắng nghe để ghi lại những điểm quan trọng. Tôi cũng đã thực hiện một số bài tập mà giáo sư yêu cầu và cảm thấy mình hiểu rõ hơn về nội dung được giảng dạy. Sau buổi học, tôi rời khỏi lớp và tiếp tục chuẩn bị cho kỳ thi sắp tới.",Other
41,"Sáng nay, tôi đến văn phòng đúng giờ như mọi khi, nhưng không ngờ sẽ gặp phải một sự việc khiến tôi vô cùng khó chịu. Một đồng nghiệp mới được tuyển dụng, thay vì làm việc nghiêm túc, lại cố tình gán trách nhiệm cho tôi, rồi khi tôi góp ý, anh ta còn mỉa mai, nói rằng tôi ""thiếu kinh nghiệm"". Tôi đã giữ bình tĩnh, nhưng trong lòng tôi rất bức tức. Tôi không muốn làm việc với ai mà không có thái độ tôn trọng. Tôi sẽ không để chuyện này tiếp diễn, dù có phải đối mặt với nhiều khó khăn hơn.",Disgust
42,"Chiều hôm qua, em nộp bài thi xong, lòng nặng trĩu vì không đạt điểm như mong đợi. Những con số tưởng chừng nhỏ bé lại khiến em cảm thấy mình thật vô dụng.",Sadness
43,"Ngày hôm nay tôi ngồi thiền để chuẩn bị cho kỳ thi đại học, nhưng không hiểu sao tim đập thình thịch như đang chạy marathon. Bỗng dưng tôi nhớ lại lúc năm lớp mười, cũng từng sợ hãi đến độ mồ hôi trộm chạy ra áo. Giờ thì đã lớn rồi mà vẫn cứ run tay cầm bút, chắc là định mệnh không thay đổi được.",Fear
44,"Chiều nay gặp anh ấy ở quán cà phê quen, vẫn như cũ, nói chuyện nhẹ nhàng, không vội vã, nhưng tôi cảm thấy mình đang nghe một thứ gì đó rất xa lạ. Anh ấy kể về cuộc sống mới, những mối quan hệ mới, nhưng giọng anh ấy quá bình thường, như thể tất cả những điều anh ấy đã trải qua đều không đáng để nhắc đến. Tôi nhìn vào ly cà phê đang nguội dần, lòng chẳng còn muốn động chạm đến nó nữa. Có lẽ tôi cần rời xa những người không biết trân trọng điều giản dị nhất.",Sadness
45,"Chiều nay, em nhắn tin hỏi anh ấy có rảnh không, rồi hẹn gặp để trao đổi vài việc quan trọng. Anh ấy không trả lời, chỉ im lặng suốt cả buổi. Em cố gắng gọi lại, nhưng anh ấy cứ lảng sang chuyện khác, như thể không quan tâm. Càng nghĩ càng thấy khó hiểu, sao anh ấy lại đối xử lạnh nhạt thế? Có lẽ em đã hiểu sai điều gì đó...",Other
46,"Buổi sáng hôm nay, tôi đi chợ với mẹ. Trên đường về, mẹ dừng lại mua vài quả bưởi. Tôi không hiểu vì sao mẹ chọn những trái to, da ngoài có đốm đen. Mẹ bảo đó là bưởi ngon, ngọt hơn. Tôi im lặng nhìn những trái bưởi ấy, không nói gì.",Other
47,"Hôm nay, tôi đã nhận được một yêu cầu từ công ty về việc tham gia một cuộc họp trực tuyến để thảo luận về dự án mới. Tôi đã nhận được thông báo qua email vào sáng sớm và phải nhanh chóng lên lịch trình để sắp xếp thời gian tham gia cuộc họp.

Tôi đã kiểm tra lại hệ thống của công ty và thấy rằng đã có một cuộc họp trực tuyến đã được tổ chức vào ngày hôm qua mà tôi đã bỏ lỡ. Tôi đã cảm thấy một chút lo lắng khi nghĩ về việc tôi đã không nhận được thông báo kịp thời và không thể tham gia vào cuộc họp quan trọng đó.

Tuy nhiên, tôi đã nhanh chóng quên đi lo lắng đó khi nhận ra rằng cuộc họp mới sẽ được tổ chức vào chiều nay và tôi vẫn có thể tham gia. Tôi đã lập lại kế hoạch và sắp xếp lại lịch trình của mình để có thể tham gia vào cuộc họp một cách đầy đủ.

Tôi đã nhận được danh sách người tham gia cuộc họp và thấy rằng đã có nhiều người quan trọng sẽ tham gia vào cuộc họp. Tôi đã bắt đầu chuẩn bị trước cho cuộc họp, xem xét lại tài liệu và nghiên cứu về dự án để có thể tham gia vào cuộc thảo luận một cách hiệu quả.",Other
48,"Mấy bữa nay tôi ăn chẳng ngon, ngủ chẳng yên vì cái thói quen kinh tởm của ba. Mỗi tối, hắn lại mở toang cửa nhà vệ sinh, để mùi hôi thối lan ra cả phòng khách. Tôi cố nhắm mắt lại, nhưng không được, vì mùi đó dính chặt vào mũi, như thể nó đã bám vào da thịt tôi. Cái mùi ấy không phải từ rác hay nước tiểu, mà là từ cái gì đó rất... riêng tư và không nên có. Tôi cố gắng không thở, nhưng tim đập thình thịch, hồn chẳng yên. Cái sự vô ý thức của ba khiến tôi muốn nôn, nhưng lại không dám làm rõ. Có lẽ tôi cần nói chuyện với hắn, nhưng chưa biết bắt đầu từ đâu.",Disgust
49,"Ngày hôm nay mình phát hiện ra một bạn trong lớp dám ăn bánh mì rán trong phòng học, còn thản nhiên nói ""thử thử xem có ngon không"". Mình muốn nôn nhưng cố nhịn, chỉ biết thở dài mà nghĩ: ai dạy cái thói quen ấy ra?",Disgust
50,"Ngày hôm nay thật là tuyệt vời! Tôi vừa nhận được tin từ bạn gái tôi rằng cô ấy đã được công ty thông báo là thăng hạng lên vị trí quản lý sau 6 tháng làm việc tại đó. Tôi biết cô ấy rất cố gắng và nỗ lực nên không ngạc nhiên khi thấy điều này xảy ra.

Tôi nhớ lại những lần chúng ta cùng nhau ôm đồm dự định tương lai của mình, hy vọng được thăng chức trong thời gian sớm nhất có thể. Và giờ, ước mơ của chúng ta đang trở thành hiện thực. Tôi không thể không tự hào về cô ấy và tất cả những gì cô ấy đã đạt được.

Tôi cũng nhớ lại những lúc tôi phải hỗ trợ cô ấy trong công việc, dù đôi khi chỉ là việc giúp cô ấy tìm kiếm thông tin hoặc làm những việc nhỏ mà cô ấy không muốn làm. Bây giờ, khi nhìn lại những khoảnh khắc đó, tôi thấy nó thật là một phần của quá trình giúp cô ấy đạt được thành công này.

Tôi biết chắc chắn rằng cô ấy sẽ tiếp tục phát triển và thành công trong tương lai. Và tôi cũng biết chắc chắn rằng tôi sẽ luôn ở bên cạnh cô ấy để ủng hộ và yêu thương cô ấy.",Other
51,"Tôi vừa thấy tin tức khiến tôi sốt người! Mới được một ngày trước khi tôi đăng ảnh mới lên Instagram thì đã có hàng chục lượt thích và bình luận. Nhưng hôm nay, sau khi tôi đăng một ảnh cũ, tôi nhận được hơn 200 lượt thích và hơn 100 bình luận. Tôi thật ngạc nhiên vì tại sao ảnh cũ lại được mọi người quan tâm đến vậy. Có ai đó hỏi tôi về ý tưởng chụp ảnh đó, người khác nói ảnh đẹp quá. Tôi cũng thấy một vài bạn đồng hành cho biết họ vẫn còn nhớ ảnh này. Tôi thật sự bối rối vì tại sao mọi người lại nhớ đến ảnh đó sau nhiều năm. Tôi chỉ hy vọng những bình luận này sẽ giúp tôi nhận được nhiều lượt theo dõi hơn.",Surprise
52,"Chiều nay, tôi nhận được tin nhắn từ người bạn cũ, đã lâu không liên lạc, hỏi thăm một cách đột ngột. Tôi tưởng là nhầm số, nhưng khi kiểm tra lại, thật sự là anh ấy. Cái cảm giác như bị giật mình giữa dòng đời quen thuộc, khiến tôi ngẩn ngơ trong vài phút, không biết nên vui hay sốc.",Surprise
53,"Hôm nay đi chơi về thấy lòng nặng lắm. Tối qua anh ấy nhắn tin nói sẽ đi chơi với nhóm bạn, nhưng không hề hỏi tôi có muốn đi không. Tôi cũng không dám hỏi vì sợ bị tổn thương. Chẳng biết làm sao nữa, chỉ ngồi im lặng nhìn điện thoại, lòng cứ trào lên những kỷ niệm xưa. Cái cảm giác bị xem nhẹ như thế này thật đau đớn. Tôi cố gắng không khóc, nhưng nước mắt vẫn chảy. Không hiểu sao tình cảm của mình lại bị coi như không quan trọng đến vậy.",Sadness
54,"Sáng nay tôi nhận được thông báo từ ngân hàng rằng tài khoản của tôi đã bị trừ một khoản tiền không rõ nguồn gốc. Tôi ngồi im lặng nhìn màn hình, tay run rẩy, không biết nên phản ứng thế nào. Đã bao lâu rồi tôi chưa từng gặp tình huống như vậy? Cố gắng nhớ lại những giao dịch gần đây, tôi không thể tìm ra điểm nào sai trật. Cảm giác bối rối và hoang mang trào dâng, như thể có thứ gì đó đang âm thầm che giấu sau lưng tôi. Tôi không biết mình sẽ làm gì tiếp theo, nhưng trái tim tôi đập thình thịch, như muốn thoát khỏi cái cảm giác bất ngờ này.",Fear
55,"Tôi vẫn còn nhớ như in cái chuyện ngày hôm qua khi mẹ tôi gọi điện vào đúng lúc tôi đang bận họp công việc. Cô ấy hỏi tôi xem tôi có thể về nhà ngay được không, vì chị gái tôi đã có thai và cần phải đến bệnh viện. Tôi đã cố gắng giữ bình tĩnh, nhưng cô ấy vẫn tiếp tục nói rằng tôi phải về ngay lập tức. Tôi đã phải nói với cô ấy rằng tôi không thể rời khỏi cuộc họp và cô ấy phải chờ đợi tôi trong một giờ nữa. Sau đó, cô ấy mới nhận ra lỗi của mình và xin lỗi tôi. Tôi không thể không cười sau khi cô ấy nói vậy.",Other
56,"Tối qua mẹ đột ngột bảo tôi đi chợ cùng, nói là có thứ quan trọng cần mua. Tôi tưởng là rau củ hay đồ ăn thông thường, ai ngờ đến nơi mới biết mẹ muốn mua cái gì. Không phải thứ gì to tát, chỉ là một chiếc ghế gỗ nhỏ, cũ kỹ, có lẽ là của bố năm xưa. Mẹ nói là để làm kỷ niệm, nhưng tôi thấy lòng cứ ngỡ ngàng, không hiểu vì sao mẹ lại nhớ đến cái ghế đó. Cái cảm giác bất ngờ ấy khiến tôi cười mà cũng thấy xót xa, không biết vì điều gì.",Surprise
57,"Tôi vừa nhận được thông tin từ trưởng nhóm rằng dự án quan trọng mà tôi đang thực hiện có thể bị hủy bỏ bất cứ lúc nào vì lý do tài chính. Tôi không thể tin được điều này, tất cả công sức của tôi và đồng nghiệp đã đổ vào dự án này. Tôi nhớ khi bắt đầu dự án, chúng tôi đều rất phấn khích và tự tin, nhưng giờ đây, tôi cảm thấy như đang bước trên không trung, không biết mình sẽ rơi xuống đâu.

Tôi đang cố gắng tập trung vào công việc nhưng tâm trí tôi luôn bận rộn với những suy nghĩ tiêu cực. Tôi tự hỏi liệu mình có còn phù hợp để làm việc tại công ty này nữa hay không. Tôi đã dành nhiều thời gian để tìm hiểu về dự án, tham gia các cuộc họp và lập kế hoạch, nhưng tất cả có thể bị lãng phí nếu dự án bị hủy bỏ.

Tôi đang cố gắng giữ bình tĩnh và chờ đợi thông tin chính thức từ trưởng nhóm, nhưng tôi không thể giúp mình cảm thấy lo lắng. Tôi chỉ mong muốn mọi thứ sẽ sớm rõ ràng và tôi có thể tiếp tục làm việc với dự án mà không bị ảnh hưởng bởi những dự đoán tiêu cực.",Sadness
58,"Tôi đang ngồi trên giường, nhìn thấy hình ảnh bố đi làm từ sáng chưa về đến giờ. Mẹ nói đã gặp tai nạn xe hơi lúc đi làm, nhưng không biết là bao nặng. Bố luôn nói với tôi là phải bình tĩnh, nhưng khi nghĩ về việc bố có thể bị thương, tôi không thể đợi thêm. Tôi muốn gọi điện cho bố ngay lập tức, nhưng mẹ ngăn tôi, nói sẽ chờ đến tối mới có thông tin cụ thể hơn. Tôi cảm thấy một luồng không ổn định đang lăn trong lòng, khiến tôi không thể ngừng nghĩ về điều tồi tệ có thể xảy ra. Bố sẽ được cứu sống? Tôi không thể làm gì ngoài việc mong chờ. Mẹ đang cố gắng giữ bình tĩnh, nhưng tôi thấy nỗi lo lắng đang nổi bật lên trong mắt bà. Tối này, chúng ta sẽ biết chắc chắn hơn về tình trạng của bố.",Sadness
59,"Ngày hôm qua mưa to đột ngột, tôi đang đi bộ về nhà thì trời đổ mưa như trút nước. Tôi vội vàng chạy vào cái quán cơm nhỏ ven đường, nhưng cửa đã đóng kín. Bực mình, tôi quyết định đứng dưới mưa đợi, vừa tát nước mưa vừa ngắm nhìn những giọt nước rơi xuống mái tóc tôi. Sau vài phút, trời ngừng mưa, tôi đi tiếp, vẫn còn ướt đẫm, nhưng thấy vui vì không bị phạt vì đến muộn.",Anger
60,"Tôi vừa xem một bài đăng trên mạng xã hội về vụ tấn công mạng vừa xảy ra tại một công ty lớn. Những thông tin được tiết lộ về mức độ nghiêm trọng của vụ tấn công khiến tôi cảm thấy không thể tin vào mắt mình. Tôi bắt đầu tự hỏi liệu tôi có thực sự an toàn khi sử dụng mạng xã hội hay không, liệu những thông tin cá nhân của tôi có bị lộ hay không.",Fear
61,"Tôi vẫn chưa thể tin vào điều vừa xảy ra. Hôm nay, bác sĩ đã thông báo cho tôi rằng tôi đã khỏi bệnh ung thư hoàn toàn. Tôi nhớ hôm trước, khi chúng tôi thực hiện xét nghiệm, họ nói rằng có thể còn một ít tế bào ung thư còn tồn tại trong cơ thể. Nhưng hôm nay, khi họ cho tôi biết kết quả, tôi đã cảm thấy như cả thế giới đang dừng lại.

Tôi vẫn nhớ lại những ngày tháng đi theo chương trình điều trị, từng bước một, từng liều lượng thuốc, từng cuộc họp với bác sĩ. Tôi đã từng nghĩ rằng sẽ phải trải qua rất nhiều thứ khó khăn hơn nữa, nhưng tôi đã không thể tưởng tượng được kết quả như thế này. Bác sĩ nói rằng tôi đã có thể sống một cuộc đời bình thường như mọi người khác, không còn lo lắng về bệnh tật nữa. Tôi cảm thấy như một khối đá nặng được gỡ bỏ khỏi lòng tôi.

Tôi không thể tránh khỏi cảm giác ngạc nhiên trước điều đã xảy ra. Tôi vẫn cần thời gian để chấp nhận và thích nghi với tình hình mới. Tôi hy vọng rằng tôi sẽ không quên được cảm giác nhẹ nhõm này trong tương lai.",Enjoyment
62,"Ngày hôm nay mưa to gió lớn như muốn quật ngã cả nhà, mà tôi còn phải đi làm thêm, trời đất có vẻ đang giận tôi vì để bụng chuyện cũ.",Anger
63,"Chiều nay thấy một video livestream bán hàng, người bán dùng tay không rửa sạch để chạm vào mặt khách, mùi hôi tanh nồng trào lên, lòng chẳng thể chịu nổi.",Disgust
64,"Chiều nay đi làm về, thấy một người đàn ông ngồi bên vỉa hè, cởi áo sơ mi để hút thuốc, tay cầm bao thuốc, miệng nhổ trấu đầy ngập mặt. Hơi thuốc lan ra, kèm theo mùi hôi khó chịu, khiến tôi phải quay bước. Tôi không hiểu vì sao người ta lại để mình sống trong không gian ô uế như thế.",Disgust
65,"Tôi vẫn còn nổi đốm sau khi đi học hôm nay. Lúc trời nắng nóng, cô giáo vẫn buộc chúng tôi mặc áo khoác ngoài lớp học. Tôi hiểu rằng cô ấy muốn chúng tôi thoải mái nhưng tại sao không để chúng tôi chọn cho mình? Tôi đã nhiều lần hỏi cô ấy về chuyện này nhưng cô ấy vẫn không thay đổi. Tôi cảm thấy như đang được ép vào một điều gì đó mà mình không đồng ý.",Anger
66,"Tôi vừa nhận được tin từ bạn gái cũ rằng cô ấy sắp trở lại Sài Gòn sau mấy năm xa cách, và không biết tại sao cô ấy lại muốn gặp tôi. Tôi còn ngồi đó, nhìn màn hình laptop, không thể tin được tin tức vừa được công bố. Cái đó không thể đúng được sao? Có thể nó chỉ là một ý tưởng nghịch ngợm, nhưng nó đã khiến tôi cảm thấy rất bối rối. Tôi cảm thấy như đang đi trong một giấc mơ, không thể nhận thức được bất cứ điều gì xung quanh mình.",Surprise
67,"Ngày hôm nay tôi uống hết 1 chai nước dừa mà không biết nó đã quá hạn, đầu óc như bị ai đó đổ đầy sơn đỏ, toàn là cảm giác nóng rát và bực tức, chỉ muốn tìm ai đó để mắng cho đã.",Anger
68,"Hôm nay đi chơi với bạn cũ, tưởng như xưa nhưng hóa ra chẳng còn gì cả. Cười ha hả như hồi cấp hai, nhưng rồi cũng chỉ là cái cười giả tạo của người đã đánh mất nhau. Thôi thì thôi, cũng chẳng có gì để tiếc nuối, chỉ là mình vẫn còn nhớ những lúc chúng ta từng vui vẻ thật sự.",Sadness
69,"Ngày hôm qua đi chợ về, mình vô tình phải bước qua cái thùng rác đang mở toang ở góc đường, bên trong toàn là rau củ bị dập nát, lẫn vài miếng thịt heo đã hỏng, còn vài cục phân... Mình không biết là mình có bị nhiễm trùng gì không, chỉ biết rằng mình muốn chạy thật nhanh, nhưng chân như dính vào bùn. Mình cố gắng giữ vẻ bình thường, nhưng mặt thì đỏ gay, tay run run, và trong lòng thì... khó chịu đến mức muốn xỉu. Nhìn lại mình, thấy mình cũng không khác gì mấy người khác, nhưng sao mình cứ thấy mình là người duy nhất có thể nhận ra sự bẩn thỉu đó trong một mùa hè nóng rát như thế này.",Disgust
70,"Hôm nay, tôi thức dậy vào lúc 5 giờ sáng để theo dõi bão nhiệt đới đang hướng đến khu vực của chúng ta. Theo dự báo, cơn bão sẽ đổ bộ vào hôm nay và mang theo gió mạnh và mưa lớn. Tôi không thể quên được hình ảnh những ngôi nhà bị phá hủy bởi gió bão trong năm ngoái, và tôi cảm thấy bất an khi nghĩ về khả năng chúng ta sẽ phải đối mặt với tình huống tương tự. Tôi đã chuẩn bị sẵn sàng đồ cần thiết, nhưng vẫn không thể tránh khỏi cảm giác lo lắng khi nghĩ về gia đình và bạn bè của mình. Tôi hy vọng rằng cơn bão sẽ không quá nghiêm trọng và chúng ta sẽ vượt qua được.",Fear
71,"Mẹ bảo tối nay phải dọn dẹp nhà, tôi sợ bà ấy phát hiện ra tôi giấu hộp kẹo dưới gầm giường, nhưng sợ hơn nữa là mẹ sẽ bắt tôi ăn hết cái kẹo đó mà không được mua thêm.",Fear
72,"Mẹ bảo tôi đi chợ sớm để giúp đỡ, nhưng tôi lại ngủ quên. Đến nơi thì mẹ đã mua hết thứ tôi cần, còn cái tôi định mua thì mẹ nói ""để lần sau"". Tôi tức đến mức muốn quay lại hỏi mẹ cái gì mà mẹ hiểu nhầm tôi như thế. Đúng là cái đầu óc tôi thật sự là một quả bóng bay, cứ phồng to rồi xì hơi mất thôi.",Anger
73,"Tôi vẫn ngồi đây, nhìn vào hình ảnh gia đình chúng tôi trong tháng trước. Mẹ tôi đã trở lại quê hương sau khi tôi hoàn thành đại học, để chăm sóc ông nội đã tuổi cao độ khổ. Tôi nhớ thấy mẹ tôi luôn cố gắng, dù có kiệt sức, nhưng vẫn yêu thương ông nội một cách tràn đầy. Tôi cũng đã quyết định quay lại quê hương để giúp mẹ tôi chăm sóc ông nội, nhưng rồi tôi lại bị tuyển dụng ở một công ty ở Hà Nội.

Tôi nhớ thấy đêm cuối cùng tôi ở nhà, mẹ tôi đã khóc khi tôi phải rời xa. Bà nói rằng không biết làm thế nào để sống mà không có con bên cạnh. Tôi cũng nhớ thấy hình ảnh chúng tôi ngồi ăn tối cùng nhau, mẹ tôi chuẩn bị món ăn yêu thích của ông nội, tôi và bố tôi trò chuyện về cuộc sống. Tất cả đều đã thay đổi kể từ khi tôi rời xa. Giờ đây, tôi chỉ có thể nhìn vào những hình ảnh đẹp đẽ trong quá khứ, và cảm thấy một loại đau đớn sâu sắc trong lòng.",Sadness
74,"Mình vừa thấy ảnh bạn ấy đăng lên story, toàn là hình ảnh ăn cắp đồ của người khác mà không chịu trả. Mình nghe xong liền nôn ói, không hiểu sao lại có người như vậy. Mình thật sự khó hiểu, làm bạn với người không trung thực được mấy. Mình cũng không muốn nhắc nhở, nhưng cái cảm giác ghê gớm quá, không thể chịu nổi.",Disgust
75,"Tôi đang ngồi tại phòng làm việc, nhìn vào danh sách công việc dài ngày của mình và cảm thấy tim đập nhanh. Thật ra, tôi chỉ cần hoàn thành báo cáo cuối tuần này nhưng mà sao tôi lại cảm thấy như đang đối mặt với một thách thức về sinh tử. Tôi nhìn vào trang tính trắng kia và thấy nó đang chờ đợi tôi tạo ra một tác phẩm nghệ thuật thực sự. Tôi cố gắng bắt đầu viết nhưng mà sao tay tôi lại không thể di chuyển? Có gì đó khiến tôi trở nên vô dụng như thế này, chỉ vì một báo cáo đơn giản! Tôi dường như đang trở thành một nhà văn, cố gắng tạo ra một tiểu thuyết kinh điển nhưng mà chỉ để hoàn thành công việc hàng ngày.",Fear
76,"Sáng nay đi học gặp bạn cùng lớp ném vỏ bì thuốc lá vào thùng rác, không phải trượt chân mà là trượt tay vì cái vỏ đó dính đầy chất nhờn đen kịt. Tôi nhìn mà muốn nhổ liền, nhưng vẫn cố nhịn, chỉ lắc đầu và đi xa.",Disgust
77,"Sáng nay đi học, thấy bạn cùng lớp ném rác xuống thùng nhưng không bỏ túi, để nguyên cả cái túi nilon đầy rác vào thùng. Nhìn thấy mà muốn ói, lòng đầy chán ghét.",Disgust
78,"Sáng nay đi làm gặp một cái nhìn thật sự khó chịu. Một người đàn ông đứng giữa đường, cởi áo khoác, vứt rác xuống đất rồi đi luôn, không quan tâm đến ai. Mình thấy ghê quá, muốn chạy lại nhắc nhở nhưng thôi, ngại lắm. Chuyện nhỏ mà lại khiến mình buồn nôn.",Disgust
79,"Tôi ngồi tại bàn làm việc, tay đút vào túi áo khoác, nhìn xung quanh phòng thực tập với cảm giác không chắc chắn. Ngày mai là ngày cuối cùng của dự án thực tập, và tôi vẫn chưa hoàn thành được những nhiệm vụ còn dang dở. Tôi lo lắng rằng nếu không hoàn thành đúng hạn, tôi sẽ bị đánh giá thấp trong mắt nhà tuyển dụng, và cơ hội việc làm sau khi tốt nghiệp sẽ bị ảnh hưởng.

Tôi đã dành cả tuần nay để làm việc trên dự án này, nhưng cảm giác không chắc chắn vẫn theo tôi đến tận bây giờ. Tôi lo lắng rằng tôi đã bỏ qua một số thông tin quan trọng, và những sai sót trong báo cáo của tôi có thể khiến cho dự án bị ảnh hưởng.

Tôi cố gắng tập trung vào công việc, nhưng tâm trí tôi cứ quay trở lại những nỗi lo lắng đó. Tôi biết rằng tôi phải hoàn thành được dự án này, nhưng cảm giác bất an đang chen lấn vào công việc của tôi, làm cho tôi trở nên kém hiệu quả hơn.

Tôi đang cảm thấy áp lực nặng nề vì thời gian hạn hẹp, và tôi biết rằng tôi phải làm gì đó để giảm bớt căng thẳng này. Tôi quyết định dành cả đêm này để làm việc trên dự án, hy vọng rằng tôi sẽ hoàn thành được nó đúng hạn.",Fear
80,"Mùa thu đến, lá vàng rơi nhẹ ngoài cửa sổ, tôi ngồi im lặng bên ly trà lạnh. Cơn gió heo may thổi qua, mang theo nỗi nhớ ai đó đã xa, để lại trong tim tôi nỗi buồn âm thầm mà chẳng ai hiểu.",Sadness
81,"Mình vừa thấy một status của ai đó đăng lên, toàn là những lời nói xấu về người khác mà không hề biết họ đã làm gì. Mình thấy ghét quá, cứ tưởng họ đang cố ý trút giận lên người khác mà không có lý do. Mình cũng không hiểu sao người ta lại đi nói những điều không đúng sự thật như thế, giống kiểu đang tìm kiếm sự chú ý chứ không phải giúp đỡ ai. Mình định comment phản bác nhưng rồi lại thôi, vì sợ sẽ bị hiểu lầm. Thật sự mình rất tức, không phải vì chuyện đó mà là vì cách họ xử lý vấn đề. Người ta có quyền nói xấu không? Không, mình không đồng ý với cách họ làm.",Anger
82,"Chiều nay mẹ nấu ăn rất ngon, cả nhà quây quần bên bàn cơm, cười nói rộn ràng. Con thấy lòng ấm áp, yên ổn hơn bao giờ hết.",Enjoyment
83,"Chiều nay đi chơi cùng bạn, tôi vô tình thấy anh ta nhét một cái gì đó vào túi quần rồi lẳng lặng bỏ đi. Tôi không hỏi, nhưng ánh mắt anh ta khi quay lại nhìn tôi khiến tôi khó chịu đến mức muốn chạy trốn. Cái cách anh ta cười, hời hợt và tự tin như thể chuyện đó chẳng có gì đáng tiếc. Tôi không biết anh ta đã làm gì, nhưng cái cảm giác trong lòng tôi như bị dơ bẩn, giống như vừa chạm vào thứ gì đó không nên. Tôi không nói gì, chỉ im lặng và cố gạt nó ra khỏi tâm trí, nhưng hình ảnh ấy vẫn còn đọng lại, làm tôi thấy ghê tởm và buồn nôn.",Disgust
84,"Sáng nay đi chợ thấy mẹ mua rau củ về, tớ liền hỏi ngay: “Mẹ mua đắt không?” Mẹ cười bảo: “Đắt, nhưng có món ngon mà.” Tớ mừng vì thấy mẹ quan tâm đến sức khỏe, lại còn tiết kiệm được vài ba chục nghìn. Chia sẻ với bố thì bố cũng gật đầu, nói: “Cố gắng chút nữa, sau này con sẽ lo được.” Tớ thấy tự hào vì mình đã biết lo toan cho gia đình, dù chỉ là nhỏ nhặt. Ngày hôm nay tớ cảm thấy mình lớn hơn rồi, không còn là đứa con nhỏ nữa.",Enjoyment
85,"Ngày hôm qua, tôi đã vô tình phát hiện ra một cuốn nhật ký cũ của mẹ, được giấu kín trong ngăn kéo phía dưới tủ. Tôi không biết vì sao mẹ lại giữ nó đến tận bây giờ, nhưng khi mở ra, từng trang giấy đều ghi lại những kỷ niệm, những suy tư và cả những nỗi niềm mà tôi chưa từng hiểu rõ. Tôi ngồi lặng lẽ đọc, lòng bỗng thấy rộn ràng, như có thứ gì đó vỡ vụn trong tim. Mẹ đã từng khóc, từng giận, từng mơ ước... và tất cả đều không ai kể cho tôi nghe. Tôi không biết nên cười hay khóc, chỉ biết rằng tôi đã hiểu mẹ hơn, dù vẫn còn nhiều điều chưa rõ.",Sadness
86,"Chiều nay, tôi vô tình thấy một video đăng tải trên mạng, hình ảnh một nhóm người tụ tập ở khu vực công cộng, cười nói vui vẻ, nhưng không khí trong đó thật khó chịu. Một người trong nhóm liên tục nhổ nhau, rồi dùng tay lau miệng, miệng họ thì cười, tay lại tiếp tục hành động đó. Tôi không biết vì sao mình lại thấy buồn nôn, nhưng cảm giác ấy dâng trào từng chút một. Hành động ấy thật sự khiến tôi khó chịu, không phải vì nó gây hiểu lầm, mà vì nó thể hiện sự thiếu tôn trọng, không chỉ với người khác mà cả với chính mình. Tôi xem đến phút cuối, rồi tắt luôn, không muốn tiếp xúc thêm.",Disgust
87,"Tôi vừa nhận được điểm thi đại học. Có gì đó không ổn, vì tôi nghĩ mình đã ôm đồm. Nhưng rồi tôi nhìn lại bảng điểm và thấy số điểm khiến tôi sững sốt. Tôi thậm chí còn không nhớ rõ mình đã làm đề thế nào. Một cảm giác kỳ diệu đang lan tỏa trong lòng tôi, tôi chỉ có thể nói là: ""Chuyện này thật điên!",Surprise
88,"Hôm nay, tôi đến công ty thực tập một lần nữa để tiếp tục hoàn thành dự án đang được yêu cầu. Sau khi nghe giảng viên hướng dẫn, tôi đã bắt đầu đọc lại tài liệu và lập kế hoạch làm việc cho tuần tới. Tôi đang cố gắng sắp xếp thời gian và nhiệm vụ một cách khoa học để đảm bảo hoàn thành công việc đúng hạn.",Other
89,"Sáng nay em làm bài kiểm tra toán xong, vừa nộp xong là chạy ngay ra ngoài, cười toe toét vì đúng cả đề, không cần sửa chữa gì cả, nghe thầy khen là thấy mặt sáng hẳn lên.",Enjoyment
90,"Ngày hôm nay mưa to đùng đùng, gió thổi như muốn quật ngã cả nhà. Mình vừa đi làm về, mưa dội đầu như trời muốn phạt. Mình cố gắng chạy về, nhưng nước mưa vẫn tràn vào áo, làm mình thấy rất là... bất lực. Đúng là thời tiết cũng có lúc cáu gắt như mình!",Anger
91,"Sáng nay thấy Tú nhắn tin hỏi thăm lạ thường, lòng mình cứ rối bời. Không biết vì sao anh ấy lại nhắn như thể đang dè chừng điều gì đó. Mình cố hỏi vài câu, nhưng giọng run rẩy quá, sợ rằng mình đang làm tổn thương anh ấy.",Fear
92,"Hôm nay, tôi không thể quên được cuộc trò chuyện với anh Hào tối qua. Khi anh nói về tương lai chúng ta, tôi cảm thấy một luồng cảm xúc hỗn loạn trong lòng mình. Anh nói rằng anh muốn chúng ta kết hôn và xây dựng một gia đình, nhưng tôi không thể phủ nhận được cảm giác sợ hãi đang đè nặng lên tôi. Tôi chưa sẵn sàng để bước vào một mối quan hệ nghiêm túc như vậy, đặc biệt là khi nghĩ về những trách nhiệm và thách thức mà chúng ta sẽ phải đối mặt. Tôi lo lắng về tương lai của chúng ta, về khả năng chúng ta sẽ không phù hợp với nhau sau nhiều năm chung sống. Tôi cũng không thể quên được những lúc chúng ta khác biệt về ý kiến và quan điểm, liệu chúng ta có thể vượt qua những khác biệt đó hay không. Tôi biết rằng tôi cần thời gian để suy ngẫm và tìm hiểu sâu hơn về cảm xúc của mình, nhưng hiện tại, tôi vẫn cảm thấy không chắc chắn về quyết định của mình. Tôi hy vọng rằng tôi có thể tìm được sự rõ ràng và tự tin trong lòng mình trong thời gian tới.",Other
93,"Buổi sáng mưa to, tôi chạy vội ra ngoài thì bị trượt chân, té nhào vào cái cây gần nhà. Mưa không ngừng, tôi đứng im một lúc rồi quay về, tay vẫn đang cầm cái áo mưa mà không biết đã mặc hay chưa.",Anger
94,"Ngày hôm nay thật đáng nhớ khi tôi nhận được số tiền thưởng kỳ vọng từ công ty. Tôi đã dành cả tuần để tiết kiệm từng đồng nhỏ, và giờ đây, tôi cảm thấy lòng nhẹ nhõm, như được thở phào sau một thời gian dài lo toan. Tôi quyết định mua một cuốn sách cũ mà đã mơ ước từ lâu, cảm giác được thỏa mãn những mong ước nhỏ bé thực sự khiến tôi hài lòng.",Enjoyment
95,"Tôi vẫn chưa thể quên được giọng nói của Hằng khi cô ấy nói chuyện với tôi về kế hoạch du lịch của mình. Chúng tôi đã lên kế hoạch cùng nhau để đến Phú Quốc vào tháng sau, và Hằng đã hứa sẽ mời tôi tham gia cùng đoàn. Nhưng hôm nay, khi tôi hỏi cô ấy về thông tin vé máy bay, Hằng đã trở nên rất khó chịu và nói rằng cô ấy đã thay đổi kế hoạch và sẽ đi cùng gia đình đến Bali thay vì Phú Quốc. Tôi cảm thấy không chắc chắn về việc liệu tôi có được mời tham gia cùng đoàn hay không, và tôi bắt đầu lo lắng về việc mình sẽ không thể tham dự chuyến đi mà chúng tôi đã lên kế hoạch cùng nhau. Tôi không thể hiểu tại sao Hằng lại thay đổi kế hoạch như vậy, và tôi cảm thấy như mình đang bị bỏ rơi. Tôi hy vọng cô ấy sẽ giải thích cho tôi lý do của sự thay đổi này.",Sadness
96,"Hôm nay tôi thức dậy muộn hơn thường lệ vì đêm qua tôi thức khuya làm bài luận mà không thể hoàn thành. Khi bắt đầu làm bài, tôi cảm thấy mệt mỏi và không thể tập trung. Tôi đã cố gắng nhiều lần nhưng cuối cùng cũng quyết định đi ngủ vì không thể tiếp tục. Bây giờ tôi phải đối mặt với ngày học mà chưa kịp hoàn thành bài, cảm giác thất vọng và lo lắng đã xuất hiện trong tâm trí tôi. Tôi sẽ cố gắng hoàn thành bài trong lớp học sau nhưng vẫn cảm thấy không chắc chắn về kết quả cuối cùng. Tất cả những điều này khiến tôi trở nên khó chịu và không thể tập trung vào bài học của mình.",Fear
97,"Hôm nay tôi được kiểm tra sức khỏe và bác sĩ vừa thông báo cho tôi rằng tôi đã giảm được 5kg sau 2 tháng tập luyện và thay đổi lối sống. Tôi rất vui vì nỗ lực của mình đang mang lại kết quả như mong muốn. Tôi nhớ lại những lúc khó khăn, khi phải kiên trì thực hiện chế độ ăn uống lành mạnh và tham gia các buổi tập luyện khắc nghiệt. Nhưng bây giờ, nhìn vào số cân đã giảm, tôi biết rằng mọi công sức đều đáng giá. Tôi tự hào về bản thân vì đã vượt qua được những thử thách và tiếp tục hướng tới mục tiêu sức khỏe tốt hơn.",Enjoyment
98,"Hôm nay tôi đi thực tập tại công ty mới, tôi thấy mình không được trang bị đầy đủ về mặt tài liệu cũng như hướng dẫn công việc, tôi đã cố gắng tìm hiểu và hỏi đồng nghiệp nhưng họ không thể giúp đỡ được, khiến tôi không thể hoàn thành công việc đúng hạn. Tôi cảm thấy bực mình khi phải đối mặt với những khó khăn không cần thiết này, đặc biệt là khi tôi biết mình có thể làm tốt hơn nếu chỉ được hỗ trợ đúng mức. Tôi nghĩ mình sẽ phải nói chuyện với người quản lý để tìm ra giải pháp cho vấn đề này.",Anger
99,"Sáng nay đi làm thấy trời xám đặc, gió thổi như muốn xé toạc mái nhà. Mình lo lắng không biết mưa lớn hay ngập đường, nhưng đến chiều thì hóa ra chỉ mưa nhẹ, đúng kiểu ""đau lòng vì đã lo lắng vô lý"". Cũng may, không có chuyện gì xảy ra, nhưng mình vẫn cảm thấy mình như đang chạy marathon mà không biết đích đến ở đâu.",Fear
100,"Chiều nay đi chợ thấy một chú bò bị nhốt trong góc, mắt đỏ hoe, chắc đang khóc vì nhớ đồng đội. Tôi cố tình quay lại nhìn nó vài lần, rồi vội vàng chạy mất. Về nhà vẫn tưởng mình đang làm điều gì đó nghiêm trọng, hóa ra chỉ là một chú bò buồn thiu.",Sadness
101,"Chiều nay em nhắn tin hỏi anh có đi chơi không, anh trả lời ""đang bận"". Em không hỏi thêm, cũng không nhắn gì khác. Anh không gọi em, em cũng không gọi anh. Có lẽ cả hai đều im lặng, để không khí giữa chúng tôi cứ thế trôi qua mà không cần phải nói điều gì.",Sadness
102,"Anh gọi điện hỏi em có đi chơi không, em nói đang bận. Anh im lặng vài giây rồi cúp máy. Tôi đưa tay vào túi, lòng như có vật gì đó cộm cộm, không rõ là gì.",Other
103,"Sáng nay dậy thì phát hiện mình bị mất tiếng, không biết vì sao. Nhìn vào gương thấy mặt mình vẫn bình thường, nhưng khi mở miệng thì toàn tiếng khẽ khàng, như đang nói chuyện với một người không có mặt. Thử gọi ai đó thì không ai thấu, chỉ có gió thổi qua cửa sổ mà cười hi ha. Buồn quá, mình quyết định đi mua thuốc bổ, nhưng quên mất mình đã mua hết tháng trước. Cuối cùng cũng đi nhờ anh hàng xóm, người ta nói ""đừng ăn nhiều đồ cay nữa"", thì mình mới nhớ mình đã ăn bò xít suốt tuần qua.",Sadness
104,"Tôi vẫn chưa thể tin được những gì xảy ra hôm nay. Trên Facebook, tôi thấy thông báo rằng tôi đã được chọn tham gia chương trình thực tế nổi tiếng của Việt Nam. Tôi click vào liên kết và đọc kỹ thông tin, nhưng vẫn cảm thấy như đang mơ. Họ sẽ quay bộ phim ở nhà tôi và tôi sẽ có cơ hội làm việc cùng các diễn viên nổi tiếng. Tôi chưa bao giờ tưởng tượng mình sẽ có thể xuất hiện trên truyền hình, và bây giờ nó đã trở thành thực tế. Tôi cảm thấy như đang sống trong một giấc mơ, nhưng tôi biết rằng tôi cần phải tỉnh táo và chuẩn bị sẵn sàng cho những gì sắp tới. Tôi hy vọng mình không đang mơ, và mọi thứ sẽ trở thành thật.",Enjoyment
105,"Tôi vừa bước ra khỏi phòng khi trời đang râm ráo, chuẩn bị đi làm, thì thấy trời đột ngột đổi mưa lớn. Tôi ngạc nhiên khi nhìn thấy những giọt nước ồ ạt trút xuống từ trên cao, tạo nên những dòng chảy lớn trên đường. Tôi vội vàng tìm kiếm ô và đội mũ bảo hiểm, nhưng vẫn cảm thấy không thể tin nổi vào tầm nhìn này. Trên đường đến công ty, tôi nhìn thấy nhiều người khác cũng như tôi đang cố gắng tìm cách che chắn và di chuyển nhanh chóng. Những chiếc ô đang được sử dụng như lá chắn để chống lại những giọt nước lớn. Tôi chỉ có thể đứng đó, ngỡ ngàng trước tầm nhìn này, và cố gắng tận hưởng khoảnh khắc này một cách ngắn gọn.",Other
106,"Sáng nay, tôi phát hiện ra một tài khoản giả mạo của mình đã đăng tải những dòng trạng thái cực kỳ ác ý, xuyên tạc hoàn toàn hình ảnh và tư tưởng của tôi. Tôi hoang mang không biết ai làm, nhưng cảm giác như bị đánh tráo danh tính, bị xâm phạm riêng tư. Những comment độc hại dần lan rộng, khiến tôi không dám mở điện thoại. Tôi cố gắng kiểm tra từng thông tin, từng bài đăng, nhưng mỗi lần thấy một điều đáng sợ hơn, tim đập thình thịch, đầu óc rối bời. Tôi sợ rằng điều này sẽ ảnh hưởng đến cuộc sống thật của tôi, sợ rằng mọi người sẽ hiểu sai, xa cách.",Fear
107,"Tôi ngồi trong phòng, nhìn quanh căn phòng nhỏ mà chúng tôi đã sống cùng nhau được nhiều năm nay. Tôi nhớ ngày nào chúng tôi vẫn tranh cãi về tiền bạc, nhưng cuối cùng vẫn luôn tìm được cách giải quyết chung. Hôm nay, tôi nhận được tin từ ngân hàng rằng chúng tôi đã bị từ chối khoản vay mà chúng tôi đã đề xuất. Tôi cảm thấy rất thất vọng và buồn bã khi nghĩ về tương lai của chúng tôi.

Tôi nhớ lại những lúc chúng tôi vẫn chưa có con, chỉ có mình hai người, vẫn còn có thể dễ dàng xoay sở tài chính. Bây giờ, chúng tôi đã có một đứa con nhỏ, nhưng tôi vẫn hy vọng chúng tôi sẽ có thể xây dựng được một cuộc sống tốt đẹp hơn. Nhưng hiện tại, nó không còn là điều có thể thực hiện được.

Tôi biết tôi không thể thay đổi được tình hình này, nhưng tôi không thể giúp mình ngừng nghĩ về tương lai mà chúng tôi sẽ có. Tôi chỉ mong muốn chúng tôi có thể vượt qua được khó khăn này và tiếp tục xây dựng cuộc sống tốt đẹp hơn.",Sadness
108,"Chiều nay tôi nhận được tin nhắn từ ngân hàng rằng tài khoản của mình có thêm 5 triệu đồng, không phải vì làm giàu, mà vì tôi đã rút toàn bộ tiền tiết kiệm để mua một cái máy giặt mới. Tưởng sẽ lo lắng, nhưng hóa ra tôi thấy rất thích thú khi thấy số tiền giảm dần, giống như đang chơi game săn boss. Mua máy giặt xong, tôi còn đi ăn kem với mẹ, ai dè lúc đó trời nắng quá, mẹ nói “thôi đi, cái gì cũng không cần”, nhưng tôi vẫn ăn hết cái kem cuối cùng. Ngày hôm nay, tôi thấy mình như một người chơi đang thắng lớn, dù chỉ là trong một trò chơi nhỏ.",Enjoyment
109,"Hôm nay là một ngày tuyệt vời, trời nắng ấm, gió nhẹ thổi qua lá cây. Tôi vừa ra ngoài sân sau bữa sáng và thấy những hoa dại nở rộ bên bờ tường nhà tôi. Tôi không thể quên những lần đi chợ cùng mẹ khi còn nhỏ, bà tôi luôn mua những bó hoa dại tươi ngon về làm quà. Những bó hoa này mang lại cho tôi nhiều kỷ niệm đẹp và cảm giác hạnh phúc. Tôi quyết định cắt vài bó hoa về trưng trong nhà, để nhớ lại những ngày tháng tươi đẹp đó.",Enjoyment
110,"Ngày hôm nay thật sự khiến tôi khó chịu đến mức không thể chịu đựng được. Bữa sáng tôi đã dành cả buổi để ôn tập cho kỳ thi sắp tới, từng chút từng giờ đều rất nghiêm túc. Nhưng đến khi đi học, tôi phát hiện ra một số bạn trong lớp đã cố ý làm lộ đề thi trước đó. Họ không chỉ không giữ kín mà còn còn cười cợt, khoe khoang như thể đó là một trò chơi vui. Tôi cảm thấy lòng mình nóng lên, không biết nên nói gì, chỉ biết im lặng và chìm vào sự tức giận. Việc họ làm không chỉ phá hỏng công sức của những người khác mà còn khiến tôi mất niềm tin vào chính môi trường học tập này. Tôi sẽ không im lặng, dù có khó khăn đến đâu.",Anger
111,"Chiều nay, anh nhắn tin hỏi thăm sau nhiều ngày im lặng. Tôi đã đọc, nhưng không trả lời. Không phải vì giận, mà vì chưa biết nên bắt đầu từ đâu.",Other
112,"Chiều nay đi làm về, thấy một cái bồn rác ngay góc đường bị đổ sình lầy, người ta xả rác đầy ắp, thậm chí còn có xác động vật bị bỏ rơi. Tôi đứng lặng, tay run run, không dám bước gần, chỉ nhăn mặt nhìn, lòng chẳng biết vì cái gì mà cứ nôn nao, khó chịu đến mức muốn quay lưng chạy ngay.",Disgust
113,"Hôm nay tôi bất ngờ không ngờ đến khi mẹ bảo tôi vào phòng xem bức tranh mới được vẽ. Tôi vẫn còn nhớ lúc nào mẹ cũng làm những bức tranh đẹp, nhưng lần này cô ấy làm gì đó thật đặc biệt. Bức tranh là hình ảnh gia đình chúng tôi, nhưng không giống như tôi tưởng tượng. Mẹ đã vẽ cả cái sân sau nhà, nơi chúng tôi thường tổ chức những bữa tiệc nhỏ. Tôi ngạc nhiên vì không biết mẹ nhớ đến những khoảnh khắc đó. Tôi chưa từng thấy bức tranh nào của mẹ mà lại đẹp như vậy. Tôi chỉ có thể ngơ ngác, nhìn vào bức tranh và không biết nói gì.",Surprise
114,"Cô ấy nhắn tin xin lỗi rồi biến mất, tôi ngồi im lặng nhìn điện thoại, lòng chẳng còn chút hy vọng nào nữa.",Sadness
115,"Tôi vừa nhận được thông báo rằng công ty sẽ tổ chức kiểm tra an toàn lao động vào sáng mai. Tôi lo lắng khi nghĩ về những việc phải làm để chuẩn bị cho cuộc kiểm tra, cũng như sợ rằng chúng tôi sẽ không đáp ứng được các yêu cầu an toàn. Tôi đã dành cả đêm để xem xét lại quy trình và đảm bảo rằng mọi thứ đều đúng theo quy định.",Fear
116,"Chiều nay mưa to gió lớn, lá cây lay động như run rẩy. Tôi đứng bên cửa sổ, tim đập thình thịch, sợ rằng cơn bão sẽ cuốn theo cả mái nhà.",Fear
117,"Ngày hôm nay, tôi để chiếc cốc sứ cũ của mẹ lên bàn, rồi lặng lẽ nhìn nó mà không dám chạm nữa. Những vết nứt nhỏ như những lời nhắc nhở về khoảng cách không ai nói ra.",Sadness
118,"Hôm nay đi học thấy bạn ngồi bên cạnh cười rạng rỡ, mình cũng không biết vì sao nhưng cứ thấy vui bất ngờ. Cả ngày như được trút bỏ cái nặng nề nào đó, nhẹ nhàng quá trời.",Enjoyment
119,"Mình vừa chứng kiến một chuyện kinh dị ở phòng thi. Có đứa bạn ngồi bên cạnh bị trượt đề, toàn làm sai cả, còn ngả người ra sau, tay chống cằm, mặt nhăn nhó như đang ăn gì đó rất khó chịu. Mình tưởng họ bị ngộ độc, nhưng hóa ra là đang ngửi mùi nước mắm từ cái bịch rau muối trong túi vải. Mình muốn chạy đi mà không dám, cứ nhìn cái mùi đó mà buồn nôn. Không biết ai mang theo cái thứ ấy vào phòng thi, thật sự là vô cùng bẩn thỉu. Mình thấy mình có thể sống sót được nếu không phải ngồi gần cái mùi đó.",Disgust
120,"Chiều nay đi chơi với bạn, thấy nó cầm một cái bánh mì rán vứt trùm cả bơ và nước sốt lên tay mình. Mình cố nhét vào túi, nhưng mùi dầu mỡ và mùi cặn bẩn thỉu vẫn bám chặt. Không hiểu vì sao nó lại làm như vậy, nhưng mình thấy thật khó chịu, như ăn phải thứ gì đó vô cùng ô uế.",Disgust
121,"Mấy hôm trước đi khám sức khỏe, bác sĩ bảo tôi bị viêm gan B, nghe xong tôi tức chết. Mới 16 mà đã bị bệnh như thế, ai ngờ bố mẹ lại để tôi nhiễm virus này. Họ toàn nói không sao, không cần lo, nhưng giờ thì tôi phải uống thuốc cả ngày, ăn uống cực kỳ khắt khe. Thật sự tôi rất giận vì không ai bảo vệ tôi, không ai quan tâm đến sức khỏe của mình. Mỗi lần nhìn vào kết quả xét nghiệm là lại thấy ghét cái cuộc sống này. Tại sao lại phải chịu đựng những thứ không đáng có?",Anger
122,"Hôm nay, tôi vừa nhận được kết quả thi cử và rất bất ngờ khi biết rằng tôi đã bị trừ điểm vì một lỗi nhỏ mà tôi không hề biết đến. Tôi đã dành cả ngày để ôn luyện và chuẩn bị kỹ lưỡng cho kỳ thi này, nhưng ngay sau khi tôi hoàn thành bài kiểm tra, tôi mới phát hiện ra lỗi đó. Tôi không hiểu tại sao giáo viên lại không thông báo cho chúng tôi về lỗi đó trước đây. Điều này thật sự không công bằng và khiến tôi rất giận. Tôi sẽ phải đi học thêm để làm bài kiểm tra lại, và tất cả thời gian và công sức của tôi đều không được công nhận.",Anger
123,"Mình vừa phát hiện ra một khoản tiền mình đã gửi vào ví điện tử bị rút trộm, mà không biết ai làm. Mở app lên, thấy số dư giảm mất vài trăm nghìn, lòng mình rùng rợn muốn ói. Mình kiểm tra lại lịch giao dịch, toàn những giao dịch nhỏ nhặt, kiểu như mua đồ ăn vặt, mua sim card, rồi cả mấy cái app không quen. Mình thấy ghê tởm quá, tưởng mình đã cẩn thận nhưng hóa ra vẫn bị lừa. Mình còn nhớ rõ mình đã khóa tài khoản, nhưng không hiểu sao người ta vẫn tiếp cận được. Mình ngồi đây mà nghe cái tin nhắn xác nhận thanh toán, mình thấy như đang nghe một thứ gì đó thật sự bẩn thỉu.",Disgust
124,"Chiều nay phát hiện một status của ai đó chia sẻ hình ảnh con mèo đang nằm ngủ giữa đống sách vở, kèm caption ""Con mèo này có vẻ đang mơ thấy mình đang học tập"". Tôi đã mất 3 phút để kiểm tra xem liệu ai đã chụp ảnh con mèo đó, và kết quả là... không ai cả. Người đăng là một bạn đồng nghiệp, nhưng tôi không hiểu tại sao lại chọn hình ảnh đó. Đúng là không có gì đáng ngại, nhưng tôi vẫn cảm thấy rất khó chịu khi thấy mọi thứ cứ được biến tấu thành những thứ vô lý và ngớ ngẩn. Thật sự, tôi chỉ muốn nói với họ rằng: ""Anh không cần phải tạo ra những thứ kỳ quặc như thế để làm gì?",Disgust
125,"Ngày hôm nay, tôi đã đọc được một tin tức rất đáng lo ngại trên mạng xã hội. Một ứng dụng nổi tiếng đã bị hack, và thông tin cá nhân của hàng triệu người dùng đã bị lộ ra ngoài. Tôi không thể nào quên được những lần tôi đã chia sẻ thông tin cá nhân của mình trên ứng dụng đó, và bây giờ tôi lo lắng rằng những thông tin ấy sẽ bị ai đó sử dụng để gây hại cho tôi.

Tôi không biết làm thế nào để bảo vệ bản thân khỏi những rủi ro này. Tôi đã cố gắng tìm kiếm thông tin về cách xử lý tình huống này, nhưng mọi thứ dường như quá phức tạp và khó hiểu. Tôi chỉ biết rằng tôi cần phải cẩn thận hơn khi sử dụng mạng xã hội, và phải xem xét kỹ lưỡng những thông tin tôi chia sẻ.

Tôi đang chờ đợi thông báo từ ứng dụng về cách họ sẽ xử lý tình huống này. Tôi hy vọng rằng họ sẽ có biện pháp khắc phục tốt và giúp tôi cảm thấy an toàn hơn.",Fear
126,"Chiều nay, tôi nhận được tin nhắn từ giáo viên rằng điểm thi thử môn Toán đã được công bố. Tôi mở bảng điểm ra, mắt không rời khỏi con số 8,5 – một mức điểm tôi chưa từng đạt qua bất kỳ lần nào. Sáng nay tôi còn lo lắng vì đề hơi khó, nhưng giờ đây, lòng tôi bỗng nhiên trào dâng một loại cảm giác không tên, như có thứ gì đó bất ngờ đang diễn ra ngoài dự kiến.",Surprise
127,"Chiều nay mở ví ra đếm tiền, phát hiện có vài tờ bạc bị dính cặn bẩn, màu vàng óng như đã ngâm trong hóa chất. Nhìn thấy liền nhếch mũi, tặc lưỡi rồi bỏ vào túi rác. Không ngờ một đồng tiền sạch sẽ cũng có thể trở thành thứ gây khó chịu đến thế.",Disgust
128,"Hôm nay là ngày cuối cùng của tháng sáu, nhưng tôi vẫn còn một khoản nợ tiền thuê nhà chưa thanh toán được. Mặc dù tôi đã cố gắng tìm kiếm các cơ hội việc làm mới để tăng thu nhập và giảm chi phí sinh hoạt, nhưng vẫn chưa thể vượt qua khó khăn này. Tôi đã phải cắt giảm rất nhiều chi phí nhỏ, từ việc không mua cà phê mỗi sáng đến việc không xem phim trong rạp. Mỗi khi nhìn thấy đồng tiền trong túi, tôi lại cảm thấy nặng nề vì nghĩ về những gì tôi phải hy sinh để có thể trả nợ. Tôi không thể quên được cảm giác xấu hổ khi phải đối mặt với chủ nhà và xin gia hạn deadline trả nợ lần nữa. Tôi biết rằng tôi không thể tiếp tục sống trong trạng thái này mãi mãi, nhưng tôi cũng không biết cách nào để thoát khỏi nó.",Sadness
129,"Ngày hôm qua mưa to quá, mình tưởng trời mưa đến cả tháng. Nhưng sáng nay dậy thì trời đã nắng rực rỡ, không một đám mây. Mình còn tưởng mình đang mơ, chạy ra cửa ngắm nắng, cười mà không hiểu sao lại thấy hớn hở. Mưa thật sự làm mình ngỡ ngàng, như được rửa trôi mọi chuyện.",Enjoyment
130,"Ngày hôm nay, trời mưa to bất ngờ giữa trưa, tôi đang ngồi làm việc thì bỗng thấy những giọt mưa rơi rào rào như thể mùa đông đã trễ hẹn, khiến tôi ngỡ ngàng và phải gấp rút che chiếc áo mưa nhỏ.",Other
131,"Ngày hôm nay, tôi vẫn chưa thể quên được hình ảnh anh ta khi rời đi. Tình yêu của chúng tôi đã trở nên hời hợt kể từ khi anh ấy bắt đầu gắn bó với bạn gái mới. Tôi nhớ khi chúng tôi còn ở bên nhau, mọi thứ đều trôi chảy suôn sẻ, nhưng rồi anh ấy đã thay đổi. Tôi không thể hiểu tại sao anh ấy lại không thể yêu tôi mãi mãi. Mỗi lần thấy anh ấy nói chuyện với người khác, tôi lại tự hỏi liệu có ai trong số họ biết được tình yêu của chúng tôi từng là gì không? Tôi cảm thấy như đang sống trong một giấc mơ mà khi tỉnh dậy, toàn bộ đều biến mất. Tôi không thể giúp anh ấy quên đi quá khứ, nhưng tôi hy vọng anh ấy sẽ biết ơn những ngày tháng chúng tôi cùng nhau trải qua.",Sadness
132,"Ngày hôm nay thật đáng nhớ. Tôi đã được mẹ nấu một món canh cua rất ngon, mùi thơm lựng lựng lan tỏa trong không gian bếp. Không phải món gì đặc biệt, nhưng cách mẹ nấu chậm rãi, cẩn thận từng chút một khiến tôi thấy lòng ấm áp. Tôi ngồi bên cạnh, quan sát từng động tác của mẹ, cảm nhận hơi ấm từ nồi canh, từ đôi tay mẹ. Tôi không nói gì, chỉ lặng lẽ nhâm nhi từng thìa canh, lòng đầy đủ, như được trao tặng một niềm vui giản dị mà chân thành.",Enjoyment
133,"Hôm nay tôi được giao nhiệm vụ thực hiện dự án mới tại công ty, và tôi thật sự rất tự hào vì mình đã được chọn làm trưởng nhóm. Tôi nhớ khi mới vào làm, tôi luôn nghĩ rằng mình không đủ năng lực để đảm nhận vai trò như vậy, nhưng bây giờ tôi thấy mình đã có thể làm được. Đôi khi tôi tự hỏi mình làm thế nào có thể thay đổi như vậy, nhưng có lẽ chỉ có thể nói là kinh nghiệm và thời gian giúp tôi trở nên tự tin hơn.",Enjoyment
134,"Chiều nay đi làm về, tôi thấy một đồng nghiệp nhổ trăng trề rồi cắn nuốt, miệng còn cười toe toét. Tôi nghe rõ tiếng răng cắn vào chất lỏng dính đặc, mùi hôi tanh nồng nặc lan ra cả phòng. Tôi rùng mình, vội vàng quay mặt đi, lòng đầy uất nghẹn. Không thể hiểu tại sao con người lại có thể làm điều ấy mà vẫn tự tin như chẳng sao.",Disgust
135,"Tôi vẫn chưa quên được ngày đó, khi anh ấy nói với tôi rằng chúng ta không thể tiếp tục. Tôi vẫn nhớ cách anh ấy nhìn vào mắt tôi, như thể đang nói rằng tôi không đủ tốt để khiến anh ấy giữ lại. Tôi ngồi ở quán cà phê, uống ly trà nóng mà không cảm thấy ấm áp, chỉ thấy lạnh trong lòng. Tôi chỉ muốn biết tại sao, nhưng có lẽ tôi không bao giờ biết được đáp án.",Sadness
136,"Ngày hôm nay mình vô tình phải ngồi cùng bàn với một anh chàng cứ liên tục mút tăm, mà tăm anh ta lại có mùi như... đã để lâu trong túi. Mình cố nhịn, nhưng không hiểu sao cứ thấy cái mùi đó lan ra, khiến mình muốn chạy ra ngoài ngay. Mình chỉ biết lầm lũm ăn trưa, mà lòng thì cứ nhức nhối.",Disgust
137,"Ngày hôm nay, tôi thấy một người bạn cũ của mình chia sẻ hình ảnh mà tôi đã từng gửi cho anh cách đây vài năm, nhưng không hề hỏi ý kiến tôi. Tôi cảm thấy mình bị coi nhẹ, như một thứ không quan trọng. Tôi không nói gì, chỉ lặng lẽ xóa hình đó khỏi trang cá nhân của mình, nhưng lòng vẫn đầy sự bức xúc.",Anger
138,"Mấy ngày nay mưa tầm tã, gió thổi rát da thịt, cứ như trời muốn khóc theo tôi. Mùa thu năm nay thật đặc biệt, mưa không ngớt, nước đọng thành ao trên mái nhà, cả phố đều ngập tràn mùi ẩm mốc. Tôi ngồi trong phòng, nghe mưa rơi ngoài cửa, lòng chẳng còn cảm giác ấm áp như trước. Những cơn mưa ấy khiến tôi nhớ đến anh, người đã rời đi cùng mùa hè năm ngoái. Giờ đây, mỗi trận mưa đều nhắc tôi nhớ về những ngày tháng đã qua, và tôi chỉ biết ôm lấy chiếc chăn cũ, rũ rượi như tâm hồn mình.",Sadness
139,"Chiều nay đi học về, thấy Hằng ngồi bên ngoài cửa lớp, tay cầm cái túi to. Mình tưởng cô ấy mua đồ ăn, nhưng mở ra thì toàn sách vở, cả mấy quyển truyện mà mình từng hỏi. Mình trợn mắt, tưởng mình nghe nhầm. Hẵng cười toe to, nói “Tớ biết cậu thích đọc, nên mua luôn cho cậu rồi”. Mình ngây người, không biết nói gì. Sáng nay còn tưởng mình mơ, nhưng giờ mới hiểu, có lẽ mình là người được bạn quan tâm nhiều hơn mình nghĩ.",Enjoyment
140,"Sáng nay boss gọi tôi đi làm thêm, nói là không cần nữa. Tôi ngồi im lặng, tay run run đóng máy, lòng nặng như đá. Không biết có phải mình quá yếu đuối hay chỉ là mình không xứng đáng.",Sadness
141,"Hôm nay, tôi đã hoàn thành dự án cuối cùng trong thời gian thực tập tại công ty. Tôi đã dành nhiều tháng để nghiên cứu và phát triển ý tưởng, và cảm giác tự tin khi nhìn thấy nó trở thành hiện thực thật tuyệt vời. Tôi cảm thấy rất hài lòng khi thấy đồng nghiệp và giám đốc đánh giá cao công việc của tôi.",Enjoyment
142,"Chiều nay đi làm về, tôi thấy cái ghế trống giữa phòng, tưởng nó bị ai ngồi nhầm, hóa ra là mình ngồi nhầm ghế của anh ấy. Không biết sao mà buồn, cứ thấy lòng trống trơn như cái ghế trống kia.",Sadness
143,"Sáng nay mẹ gọi điện nói bà bị chóng mặt dữ dội, tay run, tôi lo lắng không biết có phải dấu hiệu của cái gì nghiêm trọng. Tôi cố an ủi mẹ nhưng lòng vẫn tràn đầy nỗi sợ rằng mọi chuyện sẽ xấu hơn.",Fear
144,"Sáng nay đi học gặp bạn cũ ở cổng trường, hai đứa cười nói ríu rít như xưa. Cảm giác được ôm lại, nghe bạn kể chuyện cuộc sống gần đây thật ấm áp và ngọt ngào. Mình không ngờ tình bạn của chúng ta vẫn còn nguyên vẹn đến thế.",Enjoyment
145,"Sáng nay tôi đi khám sức khỏe, bác sĩ kiểm tra rồi mỉm cười nói tôi khỏe mạnh hơn trước rất nhiều. Tôi cười vui, cảm thấy nhẹ lòng và tự hào vì đã chăm sóc bản thân thật tốt.",Enjoyment
146,"Ngày hôm nay thật đáng nhớ khi tôi vô tình bắt được con mèo nhà mình đang ""bắt cóc"" trong vườn. Nó cắn chặt vào chân một chú chim nhỏ, rồi vẫy đuôi điệu nghệ như một anh hùng. Tôi cố gắng không kêu lên, nhưng không giấu được tiếng cười khúc khích. Cuối cùng, tôi phải ""cứu"" chú chim ấy, và con mèo cũng chỉ biết gãi đầu nghe ngóng. Một ngày vui bất ngờ, thật tuyệt!",Enjoyment
147,"Tôi vẫn còn nhớ ngày hôm qua, khi chúng tôi quyết định chia tay sau bao năm gắn bó. Tôi đã cố gắng quên đi những khoảnh khắc khó chịu, những cuộc tranh cãi vô nghĩa, nhưng cuối cùng cũng không thể làm được. Tôi đã phải thừa nhận rằng, quan hệ của chúng tôi đã trở nên mờ nhạt, thiếu sâu sắc như trước.

Chúng tôi đã cùng nhau trải qua biết bao nhiêu khó khăn, cùng nhau chiến đấu với những thử thách trong cuộc sống. Nhưng ngày nay, khi nhìn lại, tôi cảm thấy rằng chúng tôi đã đánh mất liên kết của mình. Tôi không thể nào hiểu được tại sao mọi thứ đã trở nên như vậy. Có lẽ chúng tôi đã trở nên quá quen thuộc với nhau, nên đã mất đi sự tôn trọng và sự quan tâm dành cho nhau.

Tôi nhớ ngày hôm qua, khi chúng tôi nói chuyện cuối cùng. Tôi đã cố gắng để giữ chân em, để không phải xa em nữa, nhưng em đã quyết định rằng, điều đó không còn phù hợp. Tôi cảm thấy như một phần của mình đã bị cắt đứt. Tôi không biết phải đối mặt với tương lai như thế nào mà không có em bên cạnh.

Tôi vẫn còn nhớ những lời nói cuối cùng của em, những lời nói đơn giản, nhưng sâu sắc đến mức khiến tôi cảm thấy đau đớm. Tôi biết rằng, em cũng không muốn xa tôi, nhưng em đã phải làm như vậy vì những lý do mà chỉ em biết. Tôi chỉ biết rằng, tôi đang phải đối mặt với một sự thật rất khó chịu, đó là, mối quan hệ của chúng tôi đã kết thúc.",Sadness
148,"Tôi vừa gặp được một điều bất ngờ khiến tôi sốt ruột đến tận chân tay! Tôi và Hân đã plan meetup với 2 bạn mới quen ở trường đại học hôm nay, dự định chơi game cùng nhau. Thế nhưng, khi chúng ta vừa bước vào quán game thì thấy Hân đang ôm ức, mặt đỏ bừng, vừa nói với một cô gái lạ mặt. Tôi không hiểu gì cả, không thể tin được rằng cô ấy có thể nói chuyện với một người mà mình còn chưa biết rõ mặt.

Tôi ngồi xuống ngay lập tức, cảm thấy mọi thứ trở nên bí ẩn và khó hiểu. Hân nhìn tôi với biểu hiện rất lạ, sau đó nhanh chóng giải thích rằng cô ấy chỉ đang trò chuyện với một người bạn cũ trong lớp. Tôi vẫn không thể hiểu vì sao cô ấy lại ôm ức đến vậy, và vì sao cô ấy không nói cho tôi biết sớm hơn. Tất cả đều khiến tôi cảm thấy rất ngạc nhiên và không hiểu được hành động của Hân.",Surprise
149,"Ngày hôm nay thật là tệ, tôi cứ lo lắng không thôi. Bố mẹ bảo sáng mai sẽ đi chơi xa, nhưng tôi chẳng biết sao lại thấy lòng trào dâng một thứ gì đó khó chịu. Tôi cố gắng không để lộ, nhưng trong đầu toàn nghĩ đến cái lúc họ rời nhà, tôi sẽ chẳng ai để ý đến mình nữa. Mình luôn tự nhủ sẽ không khóc, nhưng tim đập thình thịch, tay run rẩy khi nghĩ đến cái khoảnh khắc đó. Không hiểu sao tôi lại sợ như vậy, nhưng nó cứ âm ỉ trong lòng, khiến tôi không yên.",Sadness
150,"Chiều nay đi chơi với bạn thì đúng là tuyệt cú mèo! Mình và nó đi ăn bánh xèo ở quán mới, vừa nghe nó kể chuyện vui về công sở vừa nhâm nhi miếng bánh xèo giòn tan, ai cũng cười ngặt ngẽo. Thật ra mình chỉ muốn tìm cái cớ để ăn bánh mà không bị mẹ trách, nhưng không ngờ lại gặp được bạn thân đang lướt Facebook. Nhìn thấy ảnh mình trong album ""những bức ảnh đẹp nhất năm"", mình tưởng mình đã mất tích rồi, nhưng hóa ra nó chụp lúc mình đang ngủ gục trên ghế sofa. Tự hào quá, ai bảo mình không có lúc nào không ""đẹp"" cả.",Enjoyment
151,"Hôm nay, tôi gặp một chuyện thật khó hiểu. Một người bạn thân từ lâu đã xưng hô với tôi bằng những lời lẽ cực kỳ thiếu tôn trọng, thậm chí còn bàn tán về những điều vô cùng hạ thấp nhân phẩm. Tôi không hiểu vì sao người ta có thể để tâm đến những điều vô giá trị như vậy. Việc họ nói những điều đó không chỉ làm tổn thương tôi mà còn khiến tôi cảm thấy buồn nôn, bởi nó như một thứ chất lỏng ô uế văng vào tâm hồn tôi. Tôi đã im lặng, nhưng lòng tôi đầy khinh bỉ. Đôi khi, tôi tự hỏi liệu có ai thực sự trân trọng sự trong sạch của con người hay không.",Disgust
152,"Tôi vẫn chưa thể quên được cái ngày hôm nay. Tôi vừa ra khỏi phòng thi cuối cùng, nhưng tâm trạng thì không thể nói là nhẹ nhõm. Đó là do cô giáo chủ nhiệm của lớp tôi, cô Minh, lại phát ngôn một cách thiếu tế nhị về phần thưởng cho học sinh đạt kết quả tốt. Cô ấy nói rằng những em đạt điểm cao sẽ được nhận ""giấy khen và một hộp bánh quy ngon"". Tôi không thể tin được tai tiếng của cô ấy. Bánh quy ngon? Cái đó có gì đặc biệt để cô ấy phải quảng cáo như vậy? Chưa kể, cô ấy còn không biết cách sử dụng ngôn ngữ phù hợp khi nói chuyện với học sinh. Tôi không biết cô ấy có bao giờ suy nghĩ về tác động của lời nói của mình hay không. Tâm trí tôi lúc này đang đầy bất bình trước thái độ thiếu chuyên nghiệp của cô Minh.",Disgust
153,"Tôi vừa xem lại trang mạng xã hội của bạn bè cũ, thấy mọi người đều có cuộc sống hạnh phúc bên cạnh những người mình yêu quý. Họ chia sẻ những khoảnh khắc ấm áp, những món quà tặng ý nghĩa... Tất cả khiến tôi cảm thấy mình lạc lõng, cô đơn trong đám đông. Tôi cố gắng lôi kéo họ quay lại, nhưng không ai để ý đến tôi. Tôi bắt đầu tự hỏi liệu tôi đã thực sự quan trọng với mọi người hay chưa. Tôi nhìn quanh phòng, thấy mẹ đang làm việc trên máy tính, không để ý đến tôi. Tôi cảm thấy tủi thân, biết bao lần tôi đã thử tìm kiếm sự công nhận nhưng mãi không tìm được.",Sadness
154,"Tôi vẫn còn nhớ rõ ràng bài đăng của anh ấy vào ngày hôm qua. Cô bạn gái đã chia tay anh sau hơn hai năm yêu đương, và anh đã viết một bài đăng dài và chân thành để thể hiện tình cảm của mình. Tôi đã xem và cảm thấy rất buồn. Tại sao cô lại không thể giữ cho anh một chút hy vọng? Tôi biết anh yêu cô thật lòng và đã sẵn sàng để vượt qua mọi khó khăn để được bên cạnh cô.

Tôi đã nhìn vào danh sách các bạn bè của anh trên Facebook và thấy rằng hầu hết đều đã chúc mừng cho anh trong một thời gian ngắn. Nhưng khi tôi đọc lại những bình luận của họ, tôi nhận thấy có vẻ như chỉ là những lời nhạt nhẽ và không có ý nghĩa thực sự. Không ai có thể hiểu được nỗi đau và sự cô đơn của anh trong lúc này.

Tôi đã ngồi một lúc dài, nghĩ về cuộc sống của anh và cảm thấy rất tủi thân. Tôi tự hỏi tại sao cuộc sống luôn phải như thế này. Tại sao chúng ta không thể giữ được cho nhau những gì quý giá nhất?

Tôi vẫn chưa hiểu tại sao cô lại chọn cách chia tay như vậy. Có phải vì cô sợ hãi về tương lai hoặc đã tìm được một người khác? Tôi không thể biết được và cũng không muốn biết. Tôi chỉ biết rằng tôi không thể giúp anh trong lúc này.

Tôi đã đóng cửa sổ trình duyệt và rời khỏi trang web, cảm thấy rất cô đơn và tủi thân. Tôi chỉ có thể hy vọng rằng anh sẽ sớm tìm được sự an ủi và vượt qua được khó khăn này.",Sadness
155,"Tôi vẫn còn nóng giận sau khi vừa rời khỏi phòng thi đại học. Chuyện nó thế, tôi đã chuẩn bị kỹ lưỡng, nhưng mà giám khảo lại không hiểu ý của câu hỏi. Tôi viết về tác động của cuộc cách mạng công nghiệp lên đời sống người dân Việt Nam, nhưng họ lại hỏi về lý thuyết của Marx. À, rồi tôi nhớ ra, đó là câu hỏi chung chung, không ai biết rõ gì cả. Tôi cứ tưởng mình đã điên khi cố gắng giải thích. Tôi còn nhiều điều muốn nói, nhưng có lẽ chỉ có một mình tôi biết rõ tình huống này là một cái bẫy vô hình.",Anger
156,"Hôm nay tôi đã nhận được tin tức tuyệt vời từ bạn thân của mình. Bạn ấy vừa được công nhận vì đã dành nhiều thời gian để giúp đỡ trẻ em nghèo trong khu phố của chúng ta. Tôi nhớ rõ khi chúng ta cùng tham gia dự án này, bạn ấy luôn nhiệt tình và sẵn sàng giúp đỡ những đứa trẻ khó khăn. Tôi rất tự hào về bạn ấy và hy vọng mọi người sẽ tiếp tục ủng hộ dự án này.",Enjoyment
157,Tôi vừa nhận được hóa đơn điện thoại từ nhà mạng và tôi không thể tin được số tiền họ yêu cầu tôi thanh toán. Tôi đã sử dụng đúng gói mà mình đã chọn và không có lý do gì khiến họ tăng giá lên như vậy. Tôi cảm thấy bị lừa đảo và quyết định sẽ phản ánh về phía họ vì cách họ quản lý tài khoản của khách hàng quá kém.,Anger
158,"Sáng nay tôi ngồi im lặng bên bàn học, tay cầm lại tờ điểm thi, lòng nặng trĩu. Những con số không như mong đợi khiến tôi chẳng còn hứng thú để tiếp tục những ngày tháng ôn luyện nữa.",Disgust
159,"Ngày hôm nay là một ngày thật bất ngờ. Tôi vừa nhận được tin mừng từ trưởng phòng đào tạo công ty, nơi tôi đang thực tập. Sau nhiều tháng làm việc chăm chỉ và cố gắng cải thiện kỹ năng của mình, tôi đã được mời tham gia chương trình đào tạo dành cho tài năng trẻ trong ngành công nghiệp này. Tôi vẫn chưa hoàn toàn tin vào điều này, như thể tôi đang mơ hay đang thấy một giấc mơ đẹp. Tôi nhớ lại những lúc tôi phải vượt qua khó khăn và chinh phục thử thách để chứng minh bản thân, và bây giờ tôi nhận được một cơ hội như thế này. Tôi cảm thấy thật phấn khích và tự tin, nhưng cũng hơi ngỡ ngàng khi nghĩ đến tương lai đang mở ra trước mắt tôi. Tôi biết rằng đây là bước ngoặt quan trọng trong sự nghiệp của mình, và tôi sẽ phải cố gắng hết sức để nắm bắt cơ hội này. Tôi hy vọng sẽ học hỏi được nhiều điều mới mẻ và có thể áp dụng vào công việc của mình. Tâm trạng của tôi hiện tại thật khó nói, như thể tôi đang ở trong một giấc mơ mà chưa sẵn sàng thức dậy.",Enjoyment
160,"Ngày hôm nay tôi quyết định đi chợ sớm để mua rau sạch, nhưng không ngờ người bán hàng lại cố tình lấy tiền tôi mà không cho hàng. Tôi đợi mãi, gọi mãi, cuối cùng chỉ được một cái liếc mắt và một nụ cười hờ hững. Tôi tức đến muốn xé luôn tấm bảng giá. Ai bảo chợ sạch thì tôi sẽ đi chợ ở đây!",Anger
161,"Chiều nay thấy một bức ảnh đăng trên trang của người quen, hình một cái bát cơm bị đổ nhét đầy rau sống, cá mè, thậm chí có cả cọng rau thưa. Người đăng còn viết rằng ""được ăn uống no đủ"", rồi lại cười toe toét. Tôi ngồi lặng lẽ, lòng chẳng hiểu vì sao cái sự việc ấy lại khiến mình muốn lắc đầu, muốn tránh xa, như thể vừa chứng kiến một thứ gì đó thật sự vô vị và không sạch sẽ.",Disgust
162,"Sáng nay tôi nhận được thông báo về đề thi thử đại học của trường, trong đó có một môn tôi chưa từng học qua. Tôi ngồi lặng lẽ nhìn vào những câu hỏi đầu tiên, tim đập thình thịch như muốn thoát khỏi cơ thể. Mấy hôm nay tôi liên tục bị phân công làm thêm ngoài giờ học, đến nỗi sách vở còn nằm chồng chất trong góc phòng. Bây giờ, tôi mới hiểu tại sao mọi người nói rằng việc ôn thi là một cuộc chạy marathon chứ không phải sprint. Tôi bắt đầu lo lắng rằng mình sẽ không đủ thời gian để hoàn thành tất cả. Trong lúc đó, đồng hồ vẫn tick tick, như đang nhắc nhở tôi rằng thời gian đang trôi qua mà tôi chẳng thể bắt kịp.",Fear
163,Hôm nay tôi thật sự bất bình khi nhận được hóa đơn tiền điện cao hơn dự kiến. Tôi đã cố gắng tiết kiệm tiền điện bằng cách sử dụng đèn LED và tắt thiết bị khi không sử dụng. Nhưng hóa đơn lại tăng vọt do công ty điện lực tính thêm phí phụ trội vì số tiền điện sử dụng vượt quá mức cơ bản. Tôi cảm thấy không công bằng khi phải trả thêm một khoản phí không đáng có. Tại sao công ty điện lực lại không cung cấp thông tin rõ ràng về mức phí phụ trội trước khi gửi hóa đơn? Điều này thật sự khiến tôi khó chịu và muốn hỏi lý do tại sao.,Anger
164,"Hôm nay là ngày cuối cùng của kỳ thực tập tại công ty. Tôi không thể tin được rằng đã trôi qua chỉ trong một tháng ngắn ngủi. Tôi đã học được nhiều kỹ năng mới và có cơ hội làm việc cùng với đội ngũ chuyên nghiệp. Tôi rất tự hào khi được góp phần vào dự án quan trọng của công ty, dù là một phần nhỏ. Các đồng nghiệp cũng rất thân thiện và hỗ trợ tôi trong suốt thời gian này. Tôi sẽ nhớ những trải nghiệm này mãi sau.",Enjoyment
165,"Hôm nay tôi thật sự bực mình khi xem những video trên mạng xã hội. Có một nhóm người lại bắt đầu một cuộc tranh luận về vấn đề vệ sinh môi trường. Tôi đã từng nghĩ rằng họ là những người có ý thức, muốn đóng góp cho cộng đồng. Nhưng sau khi xem xét lại những bình luận của họ, tôi nhận thấy họ chỉ đang bới móc, chỉ trích và làm ảnh hưởng đến niềm tin của người khác mà không đưa ra bất kỳ ý tưởng hay giải pháp thực tế nào. Tôi chẳng thể hiểu tại sao họ lại có thể làm như vậy. Họ cứ cố gắng trở thành những ""tư tưởng"" hay ""nhà lãnh đạo"" trong mắt mọi người, nhưng thực tế họ chẳng có gì đặc biệt cả. Tôi không thể chịu được sự giả tạo và vô cảm của họ. Tôi chỉ mong họ hãy dừng lại, suy nghĩ kỹ trước khi nói.",Disgust
166,"Hôm nay, tôi thức dậy với cảm giác bất an sâu sắc. Mới được một tuần qua, bác sĩ vừa thông báo với tôi rằng tôi bị ung thư gan nhẹ, và cần phải theo dõi chặt chẽ. Tôi vẫn chưa kịp thích nghi với thông tin này, khi mà tôi vẫn đang cố gắng hiểu và chấp nhận nó. Tôi tự hỏi, liệu đây có phải là dấu hiệu đầu tiên của một cuộc chiến dài và khó khăn? Tôi nhớ lại những lần bác sĩ đã đề nghị tôi đi kiểm tra sức khỏe định kỳ, nhưng tôi luôn nghĩ rằng mình còn trẻ, khỏe mạnh và không cần phải lo lắng. Nhưng bây giờ, tôi thấy rằng tôi đã bỏ qua những dấu hiệu quan trọng. Tôi cảm thấy như đang đứng trước một con đường không rõ ràng, không biết phải đi theo hướng nào. Tôi muốn tìm kiếm sự giúp đỡ từ mọi người xung quanh, nhưng tôi cũng biết rằng không ai có thể thay mặt tôi đối mặt với thử thách này. Tôi sẽ phải tự mình làm việc chăm chỉ để đảm bảo sức khỏe của mình.",Sadness
167,"Mấy hôm nay mẹ cứ bắt tôi làm việc nhà mà không hỏi tôi có muốn không. Tôi đã nói rõ nhiều lần rằng mình đang học, nhưng bà vẫn hất hủi, như thể tôi là đứa con bất hiếu. Mấy bữa nay tôi cố im lặng, nhưng lòng cứ nóng lên. Đúng là cái cách người lớn lúc nào cũng muốn áp đặt, không biết lắng nghe con cái.",Anger
168,"Hôm nay tôi đã thức dậy sớm để chuẩn bị bữa sáng cho gia đình. Tôi đã đi chợ mua thịt heo và rau củ, sau đó quay lại nhà để nấu cơm. Bố mẹ tôi đã giúp tôi làm sẵn rau muống luộc và cà rốt xào. Tôi đã nấu cơm với nước dùng gà và thêm một ít nước tương vào để tạo hương vị. Khi cơm chín, tôi đã mời cả nhà đến bàn ăn để cùng nhau thưởng thức bữa sáng. Bố mẹ tôi đã đánh giá cao công sức của tôi trong việc nấu ăn. Tôi cũng đã hài lòng với việc đã có thể cung cấp cho gia đình mình một bữa sáng ngon miệng. Sau bữa sáng, tôi đã tiếp tục làm việc nhà khác như lau sàn và làm sạch các vật dụng trong nhà bếp.",Enjoyment
169,"Tôi vừa nhận được tin từ bạn gái tôi rằng cô ấy đã quyết định đi du lịch nước ngoài một mình, không báo trước một chút nào. Tôi vẫn chưa hết ngạc nhiên khi nghe tin này, nghĩ về những ngày tháng chúng ta cùng nhau lên kế hoạch cho chuyến đi này mà bây giờ cô ấy lại đi một mình. Tôi chỉ có thể trào cười khi nghĩ về cách tôi sẽ cố gắng thuyết phục cô ấy mang theo tôi.",Surprise
170,"Chiều hôm ấy, mẹ gọi điện bảo sẽ về quê vài ngày vì bố mẹ mệt. Tôi không nói gì, chỉ gật đầu. Mấy hôm nay, tôi thấy mọi thứ im lặng quá, như cả nhà đang thở dài mà không dám thở mạnh. Đêm qua, tôi thức dậy và thấy bàn ăn vẫn còn dọn chưa, cái ghế trống nơi bố thường ngồi. Tôi không biết vì sao lòng lại thấy trống vắng đến thế.",Sadness
171,"Hôm nay, tôi đã đến phòng khám để kiểm tra sức khỏe sau khi bị ốm. Tôi đã chờ đợi trong nhiều ngày trước khi quyết định đến đây. Khi vào phòng khám, tôi đã phải điền vào các giấy tờ và chờ đợi để được khám. Thợ may đã lấy lịch trình của tôi và yêu cầu tôi ngồi vào bàn khám.

Tôi đã nhìn thấy bác sĩ và cô đã bắt đầu hỏi về triệu chứng của tôi. Tôi đã giải thích về các vấn đề mà tôi đang gặp phải và cô đã lắng nghe rất cẩn thận. Sau đó, cô đã tiến hành kiểm tra và xét nghiệm để xác định nguyên nhân của vấn đề.

Tôi đã cảm thấy hơi lo lắng khi chờ đợi kết quả nhưng tôi biết rằng phải bình tĩnh. Bác sĩ đã nói với tôi rằng cần phải chờ đợi một chút trước khi có thể đưa ra kết luận. Tôi đã đồng ý và chờ đợi.

Sau khi chờ đợi khoảng một giờ, bác sĩ đã gọi tên tôi và đưa ra kết quả. Cô đã nói với tôi rằng tôi cần phải theo dõi và làm theo hướng dẫn của cô. Tôi đã hỏi về các bước tiếp theo và cô đã giải thích rõ ràng.

Tôi đã cảm thấy nhẹ nhõm khi biết rằng vấn đề không quá nghiêm trọng và tôi có thể điều trị tại nhà. Tôi đã đồng ý với hướng dẫn của bác sĩ và rời khỏi phòng khám.",Other
172,"Tôi vừa nhận được kết quả điểm thi đại học. Tôi đã từng hy vọng sẽ vào được trường đại học mơ ước của mình, nhưng hiện tại tôi chỉ còn một lựa chọn thứ hai. Tôi không thể tin rằng mình đã không đủ khả năng để giành lấy cơ hội tốt nhất. Tôi cảm thấy vô cùng thất vọng và tự hỏi liệu tôi có thể vượt qua khó khăn này hay không.",Sadness
173,"Ngày hôm qua mình vừa nhận được tin nhắn từ ngân hàng rằng mình có thêm một khoản tiền không rõ nguồn gốc, như kiểu trời cho mà không cần xin phép. Mình tưởng là lỗi hệ thống, nhưng kiểm tra lại nhiều lần, số tiền vẫn còn đó, đúng số mình đã gửi vào tài khoản cách đây ba tháng. Mình ngồi im lặng cả buổi, chỉ biết cười khanh khận vì không hiểu chuyện gì xảy ra. Có lẽ mình đã gửi tiền vào ngân hàng sai địa chỉ, nhưng sao lại đúng số? Cái cảm giác như đang mơ, hay là bị lừa, nhưng lại thấy vui vì không mất gì. Mình quyết định giữ tiền đó, vì ít nhất cũng không thiệt.",Other
174,"Sáng nay mở ví thấy tiền trong tài khoản giảm mất một cách bí ẩn, không biết là bị gian lận hay là mình mua gì đó mà quên. Đang định kiểm tra lại thì điện thoại đổ chuông, hóa ra là mẹ gọi bảo tiền gửi ngân hàng bị rút trộm. Cố gắng giữ bình tĩnh nhưng lòng cứ loạng choạng như đang đứng trên cầu vồng, sợ một cái bước chân sai là sẽ rơi xuống vực thẳm tài chính.",Fear
175,"Tôi vừa nhận được tin từ ngân hàng về việc tôi đã được phê duyệt khoản vay ưu đãi với lãi suất thấp hơn rất nhiều so với trước đây. Tôi vẫn nhớ khi nộp đơn vay mà nghĩ rằng cơ hội được duyệt là khá nhỏ, vì tôi không có tài sản đảm bảo để thế chấp. Tuy nhiên, ngày hôm nay tôi nhận được thông báo rằng đơn của mình đã được chấp thuận và tôi có thể nhận được tiền trong vòng 3 ngày. Tôi vẫn chưa hoàn toàn tin tưởng vào bản thân và phải kiểm tra lại thông tin để đảm bảo mọi thứ đều đúng như ngân hàng nói. Nếu thực sự là như vậy thì tôi sẽ có thể thanh toán một phần nợ cũ và giải phóng được nguồn thu nhập. Tôi sẽ cần phải suy nghĩ kỹ lưỡng về cách quản lý dòng tiền sau khi nhận được khoản vay này.",Surprise
176,"Tôi vừa nhận được tin báo bố tôi cần phải phẫu thuật khẩn cấp vào sáng mai. Tôi không thể rời mắt khỏi màn hình điện thoại, lòng tôi như bị đóng băng trong giây lát. Có thể là một cái gì đó nghiêm trọng, bố tôi luôn nói rằng anh ta khỏe mạnh nhưng tôi biết điều đó không thể đúng. Tôi đang cố gắng tự nhủ mình nhưng những ý nghĩ về tương lai không thể đoán trước khiến tôi không thể ngủ được đêm nay.",Sadness
177,"Tôi vẫn ngồi trong nhà, nhìn thấy những món đồ còn thừa từ cuộc sống vợ chồng tôi trước đây. Có lẽ là hôm nay cũng phải đến năm tháng nữa mới có thể bán được những món đồ này. Tôi thấy khó chịu khi phải đối mặt với những ký ức cũ, những thứ mà tôi từng yêu thương nhưng bây giờ chỉ là một sự gánh nặng. Tôi không thể nào quên được những ngày tháng ấy, dù biết rằng tôi phải di chuyển sang phía sau để tiến về phía trước. Lúc này, tôi chỉ muốn một mình yên tĩnh, không ai hỏi tôi điều gì.",Sadness
178,"Chiều hôm qua, tôi đi dạo gần hồ, thấy một đứa trẻ nhặt đá cuội ném vào mặt một cụ già đang ngồi thiền. Đá vỡ, máu me, nhưng đứa trẻ vẫn cười toe toét, còn người già chỉ lặng im, không hề động đậy. Tôi đứng lặng, tim đập thình thịch, cảm giác khó chịu lan tỏa từ trong lòng, như cái gì đó bẩn thỉu đã văng vào mắt tôi. Mùa hè thật kỳ quái, không chỉ nắng nóng mà còn đầy những điều đáng sợ, khiến tôi muốn chạy trốn khỏi cái không khí ngột ngạt ấy.",Anger
179,"Ngày hôm nay tôi thấy lòng mình rộn rã một cách kỳ lạ, như thể có điều gì đó đang âm thầm đe dọa. Công ty vừa thông báo sẽ tiến hành kiểm tra tổng thể nhân viên vào tuần sau, và tôi vô tình phát hiện ra một số tài liệu quan trọng chưa được lưu trữ đúng quy định. Tôi cố gắng che giấu nhưng tay run rẩy không ngừng. Sợ rằng nếu bị phát hiện, tôi sẽ phải đối mặt với hậu quả nghiêm trọng. Trong đầu tôi liên tục lặp lại những suy nghĩ tiêu cực, như thể mọi thứ đang trôi về phía chân trời. Tôi không biết mình có đủ sức để vượt qua giai đoạn này không.",Fear
180,"Tôi vừa nhận được tin từ Linh rằng cô ấy đã quyết định mua một căn hộ gần nơi tôi sống. Tôi vẫn chưa hoàn toàn tin vào điều đó, nó giống như một giấc mơ mà tôi không thể chạm vào. Chúng tôi đã cùng nhau tìm kiếm căn hộ trong hơn một năm nay, nhưng tôi không bao giờ nghĩ rằng chúng ta sẽ tìm thấy một căn hộ phù hợp đến mức độ như vậy. Tôi nhớ rõ ngày hôm qua, khi chúng ta xem căn hộ này lần đầu tiên, tôi đã nghĩ rằng nó quá lớn và đắt tiền. Nhưng nhìn thấy nụ cười trên gương mặt của Linh khi cô ấy nhìn thấy căn hộ này lần nữa, tôi biết rằng đây phải là nơi chúng ta sẽ sống cùng nhau. Tôi không thể tin rằng điều này đang trở thành hiện thực. Tôi cảm thấy như đang sống trong một giấc mơ, nơi mọi thứ đều có thể xảy ra. Tôi hy vọng rằng điều này sẽ mang lại cho chúng ta một cuộc sống ổn định và hạnh phúc hơn.",Enjoyment
